,date,nav,cash,weights
0,2022-02-01,100000.00000000001,-1.4551915228366852e-11,"{'PKO': 0.15973556309980708, 'PKN': 0.09758565020893414, 'PEO': 0.09195763386905094, 'PZU': 0.08914948266975634, 'KGH': 0.0851944301274051, 'ALE': 0.07661130587017548, 'DNP': 0.07041995544442695, 'LPP': 0.059622896282633994, 'CDR': 0.05831412956896957, 'SPL': 0.050065385090495525, 'CPS': 0.04059839071744696, 'PGE': 0.03239650200414887, 'OPL': 0.023391675860335748, 'ACP': 0.022594062948590714, 'CCC': 0.017381359072767007, 'TPE': 0.013778789672989358, 'JSW': 0.009435047260428604, 'MRC': 0.001767740231637865}"
1,2022-02-02,101270.22545135682,-1.4551915228366852e-11,"{'PKO': 0.15973556309980708, 'PKN': 0.09758565020893414, 'PEO': 0.09195763386905094, 'PZU': 0.08914948266975634, 'KGH': 0.0851944301274051, 'ALE': 0.07661130587017548, 'DNP': 0.07041995544442695, 'LPP': 0.059622896282633994, 'CDR': 0.05831412956896957, 'SPL': 0.050065385090495525, 'CPS': 0.04059839071744696, 'PGE': 0.03239650200414887, 'OPL': 0.023391675860335748, 'ACP': 0.022594062948590714, 'CCC': 0.017381359072767007, 'TPE': 0.013778789672989358, 'JSW': 0.009435047260428604, 'MRC': 0.001767740231637865}"
2,2022-02-03,100252.13150012324,-1.4551915228366852e-11,"{'PKO': 0.15973556309980708, 'PKN': 0.09758565020893414, 'PEO': 0.09195763386905094, 'PZU': 0.08914948266975634, 'KGH': 0.0851944301274051, 'ALE': 0.07661130587017548, 'DNP': 0.07041995544442695, 'LPP': 0.059622896282633994, 'CDR': 0.05831412956896957, 'SPL': 0.050065385090495525, 'CPS': 0.04059839071744696, 'PGE': 0.03239650200414887, 'OPL': 0.023391675860335748, 'ACP': 0.022594062948590714, 'CCC': 0.017381359072767007, 'TPE': 0.013778789672989358, 'JSW': 0.009435047260428604, 'MRC': 0.001767740231637865}"
3,2022-02-04,97514.31454260458,-1.4551915228366852e-11,"{'PKO': 0.15973556309980708, 'PKN': 0.09758565020893414, 'PEO': 0.09195763386905094, 'PZU': 0.08914948266975634, 'KGH': 0.0851944301274051, 'ALE': 0.07661130587017548, 'DNP': 0.07041995544442695, 'LPP': 0.059622896282633994, 'CDR': 0.05831412956896957, 'SPL': 0.050065385090495525, 'CPS': 0.04059839071744696, 'PGE': 0.03239650200414887, 'OPL': 0.023391675860335748, 'ACP': 0.022594062948590714, 'CCC': 0.017381359072767007, 'TPE': 0.013778789672989358, 'JSW': 0.009435047260428604, 'MRC': 0.001767740231637865}"
4,2022-02-07,97371.19708703631,-1.4551915228366852e-11,"{'PKO': 0.15973556309980708, 'PKN': 0.09758565020893414, 'PEO': 0.09195763386905094, 'PZU': 0.08914948266975634, 'KGH': 0.0851944301274051, 'ALE': 0.07661130587017548, 'DNP': 0.07041995544442695, 'LPP': 0.059622896282633994, 'CDR': 0.05831412956896957, 'SPL': 0.050065385090495525, 'CPS': 0.04059839071744696, 'PGE': 0.03239650200414887, 'OPL': 0.023391675860335748, 'ACP': 0.022594062948590714, 'CCC': 0.017381359072767007, 'TPE': 0.013778789672989358, 'JSW': 0.009435047260428604, 'MRC': 0.001767740231637865}"
5,2022-02-08,99176.93112276275,-1.4551915228366852e-11,"{'PKO': 0.15973556309980708, 'PKN': 0.09758565020893414, 'PEO': 0.09195763386905094, 'PZU': 0.08914948266975634, 'KGH': 0.0851944301274051, 'ALE': 0.07661130587017548, 'DNP': 0.07041995544442695, 'LPP': 0.059622896282633994, 'CDR': 0.05831412956896957, 'SPL': 0.050065385090495525, 'CPS': 0.04059839071744696, 'PGE': 0.03239650200414887, 'OPL': 0.023391675860335748, 'ACP': 0.022594062948590714, 'CCC': 0.017381359072767007, 'TPE': 0.013778789672989358, 'JSW': 0.009435047260428604, 'MRC': 0.001767740231637865}"
6,2022-02-09,100284.95822728332,-1.4551915228366852e-11,"{'PKO': 0.15973556309980708, 'PKN': 0.09758565020893414, 'PEO': 0.09195763386905094, 'PZU': 0.08914948266975634, 'KGH': 0.0851944301274051, 'ALE': 0.07661130587017548, 'DNP': 0.07041995544442695, 'LPP': 0.059622896282633994, 'CDR': 0.05831412956896957, 'SPL': 0.050065385090495525, 'CPS': 0.04059839071744696, 'PGE': 0.03239650200414887, 'OPL': 0.023391675860335748, 'ACP': 0.022594062948590714, 'CCC': 0.017381359072767007, 'TPE': 0.013778789672989358, 'JSW': 0.009435047260428604, 'MRC': 0.001767740231637865}"
7,2022-02-10,99178.70711857917,-1.4551915228366852e-11,"{'PKO': 0.15973556309980708, 'PKN': 0.09758565020893414, 'PEO': 0.09195763386905094, 'PZU': 0.08914948266975634, 'KGH': 0.0851944301274051, 'ALE': 0.07661130587017548, 'DNP': 0.07041995544442695, 'LPP': 0.059622896282633994, 'CDR': 0.05831412956896957, 'SPL': 0.050065385090495525, 'CPS': 0.04059839071744696, 'PGE': 0.03239650200414887, 'OPL': 0.023391675860335748, 'ACP': 0.022594062948590714, 'CCC': 0.017381359072767007, 'TPE': 0.013778789672989358, 'JSW': 0.009435047260428604, 'MRC': 0.001767740231637865}"
8,2022-02-11,98655.16925537234,-1.4551915228366852e-11,"{'PKO': 0.15973556309980708, 'PKN': 0.09758565020893414, 'PEO': 0.09195763386905094, 'PZU': 0.08914948266975634, 'KGH': 0.0851944301274051, 'ALE': 0.07661130587017548, 'DNP': 0.07041995544442695, 'LPP': 0.059622896282633994, 'CDR': 0.05831412956896957, 'SPL': 0.050065385090495525, 'CPS': 0.04059839071744696, 'PGE': 0.03239650200414887, 'OPL': 0.023391675860335748, 'ACP': 0.022594062948590714, 'CCC': 0.017381359072767007, 'TPE': 0.013778789672989358, 'JSW': 0.009435047260428604, 'MRC': 0.001767740231637865}"
9,2022-02-14,96952.15755853427,-1.4551915228366852e-11,"{'PKO': 0.15973556309980708, 'PKN': 0.09758565020893414, 'PEO': 0.09195763386905094, 'PZU': 0.08914948266975634, 'KGH': 0.0851944301274051, 'ALE': 0.07661130587017548, 'DNP': 0.07041995544442695, 'LPP': 0.059622896282633994, 'CDR': 0.05831412956896957, 'SPL': 0.050065385090495525, 'CPS': 0.04059839071744696, 'PGE': 0.03239650200414887, 'OPL': 0.023391675860335748, 'ACP': 0.022594062948590714, 'CCC': 0.017381359072767007, 'TPE': 0.013778789672989358, 'JSW': 0.009435047260428604, 'MRC': 0.001767740231637865}"
10,2022-02-15,99110.87622711841,-1.4551915228366852e-11,"{'PKO': 0.15973556309980708, 'PKN': 0.09758565020893414, 'PEO': 0.09195763386905094, 'PZU': 0.08914948266975634, 'KGH': 0.0851944301274051, 'ALE': 0.07661130587017548, 'DNP': 0.07041995544442695, 'LPP': 0.059622896282633994, 'CDR': 0.05831412956896957, 'SPL': 0.050065385090495525, 'CPS': 0.04059839071744696, 'PGE': 0.03239650200414887, 'OPL': 0.023391675860335748, 'ACP': 0.022594062948590714, 'CCC': 0.017381359072767007, 'TPE': 0.013778789672989358, 'JSW': 0.009435047260428604, 'MRC': 0.001767740231637865}"
11,2022-02-16,99171.1129857145,-1.4551915228366852e-11,"{'PKO': 0.15973556309980708, 'PKN': 0.09758565020893414, 'PEO': 0.09195763386905094, 'PZU': 0.08914948266975634, 'KGH': 0.0851944301274051, 'ALE': 0.07661130587017548, 'DNP': 0.07041995544442695, 'LPP': 0.059622896282633994, 'CDR': 0.05831412956896957, 'SPL': 0.050065385090495525, 'CPS': 0.04059839071744696, 'PGE': 0.03239650200414887, 'OPL': 0.023391675860335748, 'ACP': 0.022594062948590714, 'CCC': 0.017381359072767007, 'TPE': 0.013778789672989358, 'JSW': 0.009435047260428604, 'MRC': 0.001767740231637865}"
12,2022-02-17,97485.72974776763,-1.4551915228366852e-11,"{'PKO': 0.15973556309980708, 'PKN': 0.09758565020893414, 'PEO': 0.09195763386905094, 'PZU': 0.08914948266975634, 'KGH': 0.0851944301274051, 'ALE': 0.07661130587017548, 'DNP': 0.07041995544442695, 'LPP': 0.059622896282633994, 'CDR': 0.05831412956896957, 'SPL': 0.050065385090495525, 'CPS': 0.04059839071744696, 'PGE': 0.03239650200414887, 'OPL': 0.023391675860335748, 'ACP': 0.022594062948590714, 'CCC': 0.017381359072767007, 'TPE': 0.013778789672989358, 'JSW': 0.009435047260428604, 'MRC': 0.001767740231637865}"
13,2022-02-18,96027.22350074482,-1.4551915228366852e-11,"{'PKO': 0.15973556309980708, 'PKN': 0.09758565020893414, 'PEO': 0.09195763386905094, 'PZU': 0.08914948266975634, 'KGH': 0.0851944301274051, 'ALE': 0.07661130587017548, 'DNP': 0.07041995544442695, 'LPP': 0.059622896282633994, 'CDR': 0.05831412956896957, 'SPL': 0.050065385090495525, 'CPS': 0.04059839071744696, 'PGE': 0.03239650200414887, 'OPL': 0.023391675860335748, 'ACP': 0.022594062948590714, 'CCC': 0.017381359072767007, 'TPE': 0.013778789672989358, 'JSW': 0.009435047260428604, 'MRC': 0.001767740231637865}"
14,2022-02-21,92758.15258315466,-1.4551915228366852e-11,"{'PKO': 0.15973556309980708, 'PKN': 0.09758565020893414, 'PEO': 0.09195763386905094, 'PZU': 0.08914948266975634, 'KGH': 0.0851944301274051, 'ALE': 0.07661130587017548, 'DNP': 0.07041995544442695, 'LPP': 0.059622896282633994, 'CDR': 0.05831412956896957, 'SPL': 0.050065385090495525, 'CPS': 0.04059839071744696, 'PGE': 0.03239650200414887, 'OPL': 0.023391675860335748, 'ACP': 0.022594062948590714, 'CCC': 0.017381359072767007, 'TPE': 0.013778789672989358, 'JSW': 0.009435047260428604, 'MRC': 0.001767740231637865}"
15,2022-02-22,93997.07900375781,-1.4551915228366852e-11,"{'PKO': 0.15973556309980708, 'PKN': 0.09758565020893414, 'PEO': 0.09195763386905094, 'PZU': 0.08914948266975634, 'KGH': 0.0851944301274051, 'ALE': 0.07661130587017548, 'DNP': 0.07041995544442695, 'LPP': 0.059622896282633994, 'CDR': 0.05831412956896957, 'SPL': 0.050065385090495525, 'CPS': 0.04059839071744696, 'PGE': 0.03239650200414887, 'OPL': 0.023391675860335748, 'ACP': 0.022594062948590714, 'CCC': 0.017381359072767007, 'TPE': 0.013778789672989358, 'JSW': 0.009435047260428604, 'MRC': 0.001767740231637865}"
16,2022-02-23,91134.34899429098,-1.4551915228366852e-11,"{'PKO': 0.15973556309980708, 'PKN': 0.09758565020893414, 'PEO': 0.09195763386905094, 'PZU': 0.08914948266975634, 'KGH': 0.0851944301274051, 'ALE': 0.07661130587017548, 'DNP': 0.07041995544442695, 'LPP': 0.059622896282633994, 'CDR': 0.05831412956896957, 'SPL': 0.050065385090495525, 'CPS': 0.04059839071744696, 'PGE': 0.03239650200414887, 'OPL': 0.023391675860335748, 'ACP': 0.022594062948590714, 'CCC': 0.017381359072767007, 'TPE': 0.013778789672989358, 'JSW': 0.009435047260428604, 'MRC': 0.001767740231637865}"
17,2022-02-24,81284.44348872337,-1.4551915228366852e-11,"{'PKO': 0.15973556309980708, 'PKN': 0.09758565020893414, 'PEO': 0.09195763386905094, 'PZU': 0.08914948266975634, 'KGH': 0.0851944301274051, 'ALE': 0.07661130587017548, 'DNP': 0.07041995544442695, 'LPP': 0.059622896282633994, 'CDR': 0.05831412956896957, 'SPL': 0.050065385090495525, 'CPS': 0.04059839071744696, 'PGE': 0.03239650200414887, 'OPL': 0.023391675860335748, 'ACP': 0.022594062948590714, 'CCC': 0.017381359072767007, 'TPE': 0.013778789672989358, 'JSW': 0.009435047260428604, 'MRC': 0.001767740231637865}"
18,2022-02-25,88208.65464535276,-1.4551915228366852e-11,"{'PKO': 0.15973556309980708, 'PKN': 0.09758565020893414, 'PEO': 0.09195763386905094, 'PZU': 0.08914948266975634, 'KGH': 0.0851944301274051, 'ALE': 0.07661130587017548, 'DNP': 0.07041995544442695, 'LPP': 0.059622896282633994, 'CDR': 0.05831412956896957, 'SPL': 0.050065385090495525, 'CPS': 0.04059839071744696, 'PGE': 0.03239650200414887, 'OPL': 0.023391675860335748, 'ACP': 0.022594062948590714, 'CCC': 0.017381359072767007, 'TPE': 0.013778789672989358, 'JSW': 0.009435047260428604, 'MRC': 0.001767740231637865}"
19,2022-02-28,89789.12038060499,-1.4551915228366852e-11,"{'PKO': 0.15973556309980708, 'PKN': 0.09758565020893414, 'PEO': 0.09195763386905094, 'PZU': 0.08914948266975634, 'KGH': 0.0851944301274051, 'ALE': 0.07661130587017548, 'DNP': 0.07041995544442695, 'LPP': 0.059622896282633994, 'CDR': 0.05831412956896957, 'SPL': 0.050065385090495525, 'CPS': 0.04059839071744696, 'PGE': 0.03239650200414887, 'OPL': 0.023391675860335748, 'ACP': 0.022594062948590714, 'CCC': 0.017381359072767007, 'TPE': 0.013778789672989358, 'JSW': 0.009435047260428604, 'MRC': 0.001767740231637865}"
20,2022-03-01,88254.31669270736,-1.4551915228366852e-11,"{'PKO': 0.15973556309980708, 'PKN': 0.09758565020893414, 'PEO': 0.09195763386905094, 'PZU': 0.08914948266975634, 'KGH': 0.0851944301274051, 'ALE': 0.07661130587017548, 'DNP': 0.07041995544442695, 'LPP': 0.059622896282633994, 'CDR': 0.05831412956896957, 'SPL': 0.050065385090495525, 'CPS': 0.04059839071744696, 'PGE': 0.03239650200414887, 'OPL': 0.023391675860335748, 'ACP': 0.022594062948590714, 'CCC': 0.017381359072767007, 'TPE': 0.013778789672989358, 'JSW': 0.009435047260428604, 'MRC': 0.001767740231637865}"
21,2022-03-02,91133.28442576552,-1.4551915228366852e-11,"{'PKO': 0.15973556309980708, 'PKN': 0.09758565020893414, 'PEO': 0.09195763386905094, 'PZU': 0.08914948266975634, 'KGH': 0.0851944301274051, 'ALE': 0.07661130587017548, 'DNP': 0.07041995544442695, 'LPP': 0.059622896282633994, 'CDR': 0.05831412956896957, 'SPL': 0.050065385090495525, 'CPS': 0.04059839071744696, 'PGE': 0.03239650200414887, 'OPL': 0.023391675860335748, 'ACP': 0.022594062948590714, 'CCC': 0.017381359072767007, 'TPE': 0.013778789672989358, 'JSW': 0.009435047260428604, 'MRC': 0.001767740231637865}"
22,2022-03-03,89434.0869641794,-1.4551915228366852e-11,"{'PKO': 0.15973556309980708, 'PKN': 0.09758565020893414, 'PEO': 0.09195763386905094, 'PZU': 0.08914948266975634, 'KGH': 0.0851944301274051, 'ALE': 0.07661130587017548, 'DNP': 0.07041995544442695, 'LPP': 0.059622896282633994, 'CDR': 0.05831412956896957, 'SPL': 0.050065385090495525, 'CPS': 0.04059839071744696, 'PGE': 0.03239650200414887, 'OPL': 0.023391675860335748, 'ACP': 0.022594062948590714, 'CCC': 0.017381359072767007, 'TPE': 0.013778789672989358, 'JSW': 0.009435047260428604, 'MRC': 0.001767740231637865}"
23,2022-03-04,85422.6318442481,-1.4551915228366852e-11,"{'PKO': 0.15973556309980708, 'PKN': 0.09758565020893414, 'PEO': 0.09195763386905094, 'PZU': 0.08914948266975634, 'KGH': 0.0851944301274051, 'ALE': 0.07661130587017548, 'DNP': 0.07041995544442695, 'LPP': 0.059622896282633994, 'CDR': 0.05831412956896957, 'SPL': 0.050065385090495525, 'CPS': 0.04059839071744696, 'PGE': 0.03239650200414887, 'OPL': 0.023391675860335748, 'ACP': 0.022594062948590714, 'CCC': 0.017381359072767007, 'TPE': 0.013778789672989358, 'JSW': 0.009435047260428604, 'MRC': 0.001767740231637865}"
24,2022-03-07,85935.75033974963,-1.4551915228366852e-11,"{'PKO': 0.15973556309980708, 'PKN': 0.09758565020893414, 'PEO': 0.09195763386905094, 'PZU': 0.08914948266975634, 'KGH': 0.0851944301274051, 'ALE': 0.07661130587017548, 'DNP': 0.07041995544442695, 'LPP': 0.059622896282633994, 'CDR': 0.05831412956896957, 'SPL': 0.050065385090495525, 'CPS': 0.04059839071744696, 'PGE': 0.03239650200414887, 'OPL': 0.023391675860335748, 'ACP': 0.022594062948590714, 'CCC': 0.017381359072767007, 'TPE': 0.013778789672989358, 'JSW': 0.009435047260428604, 'MRC': 0.001767740231637865}"
25,2022-03-08,84706.52730006428,-1.4551915228366852e-11,"{'PKO': 0.15973556309980708, 'PKN': 0.09758565020893414, 'PEO': 0.09195763386905094, 'PZU': 0.08914948266975634, 'KGH': 0.0851944301274051, 'ALE': 0.07661130587017548, 'DNP': 0.07041995544442695, 'LPP': 0.059622896282633994, 'CDR': 0.05831412956896957, 'SPL': 0.050065385090495525, 'CPS': 0.04059839071744696, 'PGE': 0.03239650200414887, 'OPL': 0.023391675860335748, 'ACP': 0.022594062948590714, 'CCC': 0.017381359072767007, 'TPE': 0.013778789672989358, 'JSW': 0.009435047260428604, 'MRC': 0.001767740231637865}"
26,2022-03-09,87899.81730684065,-1.4551915228366852e-11,"{'PKO': 0.15973556309980708, 'PKN': 0.09758565020893414, 'PEO': 0.09195763386905094, 'PZU': 0.08914948266975634, 'KGH': 0.0851944301274051, 'ALE': 0.07661130587017548, 'DNP': 0.07041995544442695, 'LPP': 0.059622896282633994, 'CDR': 0.05831412956896957, 'SPL': 0.050065385090495525, 'CPS': 0.04059839071744696, 'PGE': 0.03239650200414887, 'OPL': 0.023391675860335748, 'ACP': 0.022594062948590714, 'CCC': 0.017381359072767007, 'TPE': 0.013778789672989358, 'JSW': 0.009435047260428604, 'MRC': 0.001767740231637865}"
27,2022-03-10,87845.19753626763,-1.4551915228366852e-11,"{'PKO': 0.15973556309980708, 'PKN': 0.09758565020893414, 'PEO': 0.09195763386905094, 'PZU': 0.08914948266975634, 'KGH': 0.0851944301274051, 'ALE': 0.07661130587017548, 'DNP': 0.07041995544442695, 'LPP': 0.059622896282633994, 'CDR': 0.05831412956896957, 'SPL': 0.050065385090495525, 'CPS': 0.04059839071744696, 'PGE': 0.03239650200414887, 'OPL': 0.023391675860335748, 'ACP': 0.022594062948590714, 'CCC': 0.017381359072767007, 'TPE': 0.013778789672989358, 'JSW': 0.009435047260428604, 'MRC': 0.001767740231637865}"
28,2022-03-11,90652.81331387174,-1.4551915228366852e-11,"{'PKO': 0.15973556309980708, 'PKN': 0.09758565020893414, 'PEO': 0.09195763386905094, 'PZU': 0.08914948266975634, 'KGH': 0.0851944301274051, 'ALE': 0.07661130587017548, 'DNP': 0.07041995544442695, 'LPP': 0.059622896282633994, 'CDR': 0.05831412956896957, 'SPL': 0.050065385090495525, 'CPS': 0.04059839071744696, 'PGE': 0.03239650200414887, 'OPL': 0.023391675860335748, 'ACP': 0.022594062948590714, 'CCC': 0.017381359072767007, 'TPE': 0.013778789672989358, 'JSW': 0.009435047260428604, 'MRC': 0.001767740231637865}"
29,2022-03-14,87983.19295957191,-1.4551915228366852e-11,"{'PKO': 0.15973556309980708, 'PKN': 0.09758565020893414, 'PEO': 0.09195763386905094, 'PZU': 0.08914948266975634, 'KGH': 0.0851944301274051, 'ALE': 0.07661130587017548, 'DNP': 0.07041995544442695, 'LPP': 0.059622896282633994, 'CDR': 0.05831412956896957, 'SPL': 0.050065385090495525, 'CPS': 0.04059839071744696, 'PGE': 0.03239650200414887, 'OPL': 0.023391675860335748, 'ACP': 0.022594062948590714, 'CCC': 0.017381359072767007, 'TPE': 0.013778789672989358, 'JSW': 0.009435047260428604, 'MRC': 0.001767740231637865}"
30,2022-03-15,89215.57620702969,-1.4551915228366852e-11,"{'PKO': 0.15973556309980708, 'PKN': 0.09758565020893414, 'PEO': 0.09195763386905094, 'PZU': 0.08914948266975634, 'KGH': 0.0851944301274051, 'ALE': 0.07661130587017548, 'DNP': 0.07041995544442695, 'LPP': 0.059622896282633994, 'CDR': 0.05831412956896957, 'SPL': 0.050065385090495525, 'CPS': 0.04059839071744696, 'PGE': 0.03239650200414887, 'OPL': 0.023391675860335748, 'ACP': 0.022594062948590714, 'CCC': 0.017381359072767007, 'TPE': 0.013778789672989358, 'JSW': 0.009435047260428604, 'MRC': 0.001767740231637865}"
31,2022-03-16,92082.64744257038,-1.4551915228366852e-11,"{'PKO': 0.15973556309980708, 'PKN': 0.09758565020893414, 'PEO': 0.09195763386905094, 'PZU': 0.08914948266975634, 'KGH': 0.0851944301274051, 'ALE': 0.07661130587017548, 'DNP': 0.07041995544442695, 'LPP': 0.059622896282633994, 'CDR': 0.05831412956896957, 'SPL': 0.050065385090495525, 'CPS': 0.04059839071744696, 'PGE': 0.03239650200414887, 'OPL': 0.023391675860335748, 'ACP': 0.022594062948590714, 'CCC': 0.017381359072767007, 'TPE': 0.013778789672989358, 'JSW': 0.009435047260428604, 'MRC': 0.001767740231637865}"
32,2022-03-17,94974.36368731012,-1.4551915228366852e-11,"{'PKO': 0.15973556309980708, 'PKN': 0.09758565020893414, 'PEO': 0.09195763386905094, 'PZU': 0.08914948266975634, 'KGH': 0.0851944301274051, 'ALE': 0.07661130587017548, 'DNP': 0.07041995544442695, 'LPP': 0.059622896282633994, 'CDR': 0.05831412956896957, 'SPL': 0.050065385090495525, 'CPS': 0.04059839071744696, 'PGE': 0.03239650200414887, 'OPL': 0.023391675860335748, 'ACP': 0.022594062948590714, 'CCC': 0.017381359072767007, 'TPE': 0.013778789672989358, 'JSW': 0.009435047260428604, 'MRC': 0.001767740231637865}"
33,2022-03-18,93831.60820358589,0.0,"{'PKO': 0.15894629204791702, 'PEO': 0.10084930302050937, 'KGH': 0.09315100427565527, 'PKN': 0.0915149171095087, 'PZU': 0.08750523198211324, 'LPP': 0.06993848778497747, 'DNP': 0.06197421891142983, 'ALE': 0.05622672099097715, 'CDR': 0.05504098165229969, 'SPL': 0.05155370000476839, 'CPS': 0.03393927192001823, 'PGE': 0.026848148010787158, 'MBK': 0.02636177235712053, 'OPL': 0.023958504421356025, 'PCO': 0.021860413366323522, 'ACP': 0.019917030035550988, 'JSW': 0.01045548709091198, 'CCC': 0.009958515017775494}"
34,2022-03-21,93113.23998641389,0.0,"{'PKO': 0.15894629204791702, 'PEO': 0.10084930302050937, 'KGH': 0.09315100427565527, 'PKN': 0.0915149171095087, 'PZU': 0.08750523198211324, 'LPP': 0.06993848778497747, 'DNP': 0.06197421891142983, 'ALE': 0.05622672099097715, 'CDR': 0.05504098165229969, 'SPL': 0.05155370000476839, 'CPS': 0.03393927192001823, 'PGE': 0.026848148010787158, 'MBK': 0.02636177235712053, 'OPL': 0.023958504421356025, 'PCO': 0.021860413366323522, 'ACP': 0.019917030035550988, 'JSW': 0.01045548709091198, 'CCC': 0.009958515017775494}"
35,2022-03-22,94558.22545652802,0.0,"{'PKO': 0.15894629204791702, 'PEO': 0.10084930302050937, 'KGH': 0.09315100427565527, 'PKN': 0.0915149171095087, 'PZU': 0.08750523198211324, 'LPP': 0.06993848778497747, 'DNP': 0.06197421891142983, 'ALE': 0.05622672099097715, 'CDR': 0.05504098165229969, 'SPL': 0.05155370000476839, 'CPS': 0.03393927192001823, 'PGE': 0.026848148010787158, 'MBK': 0.02636177235712053, 'OPL': 0.023958504421356025, 'PCO': 0.021860413366323522, 'ACP': 0.019917030035550988, 'JSW': 0.01045548709091198, 'CCC': 0.009958515017775494}"
36,2022-03-23,94517.64863332854,0.0,"{'PKO': 0.15894629204791702, 'PEO': 0.10084930302050937, 'KGH': 0.09315100427565527, 'PKN': 0.0915149171095087, 'PZU': 0.08750523198211324, 'LPP': 0.06993848778497747, 'DNP': 0.06197421891142983, 'ALE': 0.05622672099097715, 'CDR': 0.05504098165229969, 'SPL': 0.05155370000476839, 'CPS': 0.03393927192001823, 'PGE': 0.026848148010787158, 'MBK': 0.02636177235712053, 'OPL': 0.023958504421356025, 'PCO': 0.021860413366323522, 'ACP': 0.019917030035550988, 'JSW': 0.01045548709091198, 'CCC': 0.009958515017775494}"
37,2022-03-24,95308.7396513877,0.0,"{'PKO': 0.15894629204791702, 'PEO': 0.10084930302050937, 'KGH': 0.09315100427565527, 'PKN': 0.0915149171095087, 'PZU': 0.08750523198211324, 'LPP': 0.06993848778497747, 'DNP': 0.06197421891142983, 'ALE': 0.05622672099097715, 'CDR': 0.05504098165229969, 'SPL': 0.05155370000476839, 'CPS': 0.03393927192001823, 'PGE': 0.026848148010787158, 'MBK': 0.02636177235712053, 'OPL': 0.023958504421356025, 'PCO': 0.021860413366323522, 'ACP': 0.019917030035550988, 'JSW': 0.01045548709091198, 'CCC': 0.009958515017775494}"
38,2022-03-25,94230.97182958534,0.0,"{'PKO': 0.15894629204791702, 'PEO': 0.10084930302050937, 'KGH': 0.09315100427565527, 'PKN': 0.0915149171095087, 'PZU': 0.08750523198211324, 'LPP': 0.06993848778497747, 'DNP': 0.06197421891142983, 'ALE': 0.05622672099097715, 'CDR': 0.05504098165229969, 'SPL': 0.05155370000476839, 'CPS': 0.03393927192001823, 'PGE': 0.026848148010787158, 'MBK': 0.02636177235712053, 'OPL': 0.023958504421356025, 'PCO': 0.021860413366323522, 'ACP': 0.019917030035550988, 'JSW': 0.01045548709091198, 'CCC': 0.009958515017775494}"
39,2022-03-28,94622.55438803046,0.0,"{'PKO': 0.15894629204791702, 'PEO': 0.10084930302050937, 'KGH': 0.09315100427565527, 'PKN': 0.0915149171095087, 'PZU': 0.08750523198211324, 'LPP': 0.06993848778497747, 'DNP': 0.06197421891142983, 'ALE': 0.05622672099097715, 'CDR': 0.05504098165229969, 'SPL': 0.05155370000476839, 'CPS': 0.03393927192001823, 'PGE': 0.026848148010787158, 'MBK': 0.02636177235712053, 'OPL': 0.023958504421356025, 'PCO': 0.021860413366323522, 'ACP': 0.019917030035550988, 'JSW': 0.01045548709091198, 'CCC': 0.009958515017775494}"
40,2022-03-29,97580.75323950063,0.0,"{'PKO': 0.15894629204791702, 'PEO': 0.10084930302050937, 'KGH': 0.09315100427565527, 'PKN': 0.0915149171095087, 'PZU': 0.08750523198211324, 'LPP': 0.06993848778497747, 'DNP': 0.06197421891142983, 'ALE': 0.05622672099097715, 'CDR': 0.05504098165229969, 'SPL': 0.05155370000476839, 'CPS': 0.03393927192001823, 'PGE': 0.026848148010787158, 'MBK': 0.02636177235712053, 'OPL': 0.023958504421356025, 'PCO': 0.021860413366323522, 'ACP': 0.019917030035550988, 'JSW': 0.01045548709091198, 'CCC': 0.009958515017775494}"
41,2022-03-30,97986.55708278944,0.0,"{'PKO': 0.15894629204791702, 'PEO': 0.10084930302050937, 'KGH': 0.09315100427565527, 'PKN': 0.0915149171095087, 'PZU': 0.08750523198211324, 'LPP': 0.06993848778497747, 'DNP': 0.06197421891142983, 'ALE': 0.05622672099097715, 'CDR': 0.05504098165229969, 'SPL': 0.05155370000476839, 'CPS': 0.03393927192001823, 'PGE': 0.026848148010787158, 'MBK': 0.02636177235712053, 'OPL': 0.023958504421356025, 'PCO': 0.021860413366323522, 'ACP': 0.019917030035550988, 'JSW': 0.01045548709091198, 'CCC': 0.009958515017775494}"
42,2022-03-31,95713.11741397408,0.0,"{'PKO': 0.15894629204791702, 'PEO': 0.10084930302050937, 'KGH': 0.09315100427565527, 'PKN': 0.0915149171095087, 'PZU': 0.08750523198211324, 'LPP': 0.06993848778497747, 'DNP': 0.06197421891142983, 'ALE': 0.05622672099097715, 'CDR': 0.05504098165229969, 'SPL': 0.05155370000476839, 'CPS': 0.03393927192001823, 'PGE': 0.026848148010787158, 'MBK': 0.02636177235712053, 'OPL': 0.023958504421356025, 'PCO': 0.021860413366323522, 'ACP': 0.019917030035550988, 'JSW': 0.01045548709091198, 'CCC': 0.009958515017775494}"
43,2022-04-01,97262.58389666374,0.0,"{'PKO': 0.15894629204791702, 'PEO': 0.10084930302050937, 'KGH': 0.09315100427565527, 'PKN': 0.0915149171095087, 'PZU': 0.08750523198211324, 'LPP': 0.06993848778497747, 'DNP': 0.06197421891142983, 'ALE': 0.05622672099097715, 'CDR': 0.05504098165229969, 'SPL': 0.05155370000476839, 'CPS': 0.03393927192001823, 'PGE': 0.026848148010787158, 'MBK': 0.02636177235712053, 'OPL': 0.023958504421356025, 'PCO': 0.021860413366323522, 'ACP': 0.019917030035550988, 'JSW': 0.01045548709091198, 'CCC': 0.009958515017775494}"
44,2022-04-04,96967.87439312943,0.0,"{'PKO': 0.15894629204791702, 'PEO': 0.10084930302050937, 'KGH': 0.09315100427565527, 'PKN': 0.0915149171095087, 'PZU': 0.08750523198211324, 'LPP': 0.06993848778497747, 'DNP': 0.06197421891142983, 'ALE': 0.05622672099097715, 'CDR': 0.05504098165229969, 'SPL': 0.05155370000476839, 'CPS': 0.03393927192001823, 'PGE': 0.026848148010787158, 'MBK': 0.02636177235712053, 'OPL': 0.023958504421356025, 'PCO': 0.021860413366323522, 'ACP': 0.019917030035550988, 'JSW': 0.01045548709091198, 'CCC': 0.009958515017775494}"
45,2022-04-05,95282.73662364017,0.0,"{'PKO': 0.15894629204791702, 'PEO': 0.10084930302050937, 'KGH': 0.09315100427565527, 'PKN': 0.0915149171095087, 'PZU': 0.08750523198211324, 'LPP': 0.06993848778497747, 'DNP': 0.06197421891142983, 'ALE': 0.05622672099097715, 'CDR': 0.05504098165229969, 'SPL': 0.05155370000476839, 'CPS': 0.03393927192001823, 'PGE': 0.026848148010787158, 'MBK': 0.02636177235712053, 'OPL': 0.023958504421356025, 'PCO': 0.021860413366323522, 'ACP': 0.019917030035550988, 'JSW': 0.01045548709091198, 'CCC': 0.009958515017775494}"
46,2022-04-06,94214.22071068201,0.0,"{'PKO': 0.15894629204791702, 'PEO': 0.10084930302050937, 'KGH': 0.09315100427565527, 'PKN': 0.0915149171095087, 'PZU': 0.08750523198211324, 'LPP': 0.06993848778497747, 'DNP': 0.06197421891142983, 'ALE': 0.05622672099097715, 'CDR': 0.05504098165229969, 'SPL': 0.05155370000476839, 'CPS': 0.03393927192001823, 'PGE': 0.026848148010787158, 'MBK': 0.02636177235712053, 'OPL': 0.023958504421356025, 'PCO': 0.021860413366323522, 'ACP': 0.019917030035550988, 'JSW': 0.01045548709091198, 'CCC': 0.009958515017775494}"
47,2022-04-07,93004.64953041961,0.0,"{'PKO': 0.15894629204791702, 'PEO': 0.10084930302050937, 'KGH': 0.09315100427565527, 'PKN': 0.0915149171095087, 'PZU': 0.08750523198211324, 'LPP': 0.06993848778497747, 'DNP': 0.06197421891142983, 'ALE': 0.05622672099097715, 'CDR': 0.05504098165229969, 'SPL': 0.05155370000476839, 'CPS': 0.03393927192001823, 'PGE': 0.026848148010787158, 'MBK': 0.02636177235712053, 'OPL': 0.023958504421356025, 'PCO': 0.021860413366323522, 'ACP': 0.019917030035550988, 'JSW': 0.01045548709091198, 'CCC': 0.009958515017775494}"
48,2022-04-08,93104.57783308238,0.0,"{'PKO': 0.15894629204791702, 'PEO': 0.10084930302050937, 'KGH': 0.09315100427565527, 'PKN': 0.0915149171095087, 'PZU': 0.08750523198211324, 'LPP': 0.06993848778497747, 'DNP': 0.06197421891142983, 'ALE': 0.05622672099097715, 'CDR': 0.05504098165229969, 'SPL': 0.05155370000476839, 'CPS': 0.03393927192001823, 'PGE': 0.026848148010787158, 'MBK': 0.02636177235712053, 'OPL': 0.023958504421356025, 'PCO': 0.021860413366323522, 'ACP': 0.019917030035550988, 'JSW': 0.01045548709091198, 'CCC': 0.009958515017775494}"
49,2022-04-11,94580.66130824716,0.0,"{'PKO': 0.15894629204791702, 'PEO': 0.10084930302050937, 'KGH': 0.09315100427565527, 'PKN': 0.0915149171095087, 'PZU': 0.08750523198211324, 'LPP': 0.06993848778497747, 'DNP': 0.06197421891142983, 'ALE': 0.05622672099097715, 'CDR': 0.05504098165229969, 'SPL': 0.05155370000476839, 'CPS': 0.03393927192001823, 'PGE': 0.026848148010787158, 'MBK': 0.02636177235712053, 'OPL': 0.023958504421356025, 'PCO': 0.021860413366323522, 'ACP': 0.019917030035550988, 'JSW': 0.01045548709091198, 'CCC': 0.009958515017775494}"
50,2022-04-12,92998.04869198172,0.0,"{'PKO': 0.15894629204791702, 'PEO': 0.10084930302050937, 'KGH': 0.09315100427565527, 'PKN': 0.0915149171095087, 'PZU': 0.08750523198211324, 'LPP': 0.06993848778497747, 'DNP': 0.06197421891142983, 'ALE': 0.05622672099097715, 'CDR': 0.05504098165229969, 'SPL': 0.05155370000476839, 'CPS': 0.03393927192001823, 'PGE': 0.026848148010787158, 'MBK': 0.02636177235712053, 'OPL': 0.023958504421356025, 'PCO': 0.021860413366323522, 'ACP': 0.019917030035550988, 'JSW': 0.01045548709091198, 'CCC': 0.009958515017775494}"
51,2022-04-13,93238.69675911174,0.0,"{'PKO': 0.15894629204791702, 'PEO': 0.10084930302050937, 'KGH': 0.09315100427565527, 'PKN': 0.0915149171095087, 'PZU': 0.08750523198211324, 'LPP': 0.06993848778497747, 'DNP': 0.06197421891142983, 'ALE': 0.05622672099097715, 'CDR': 0.05504098165229969, 'SPL': 0.05155370000476839, 'CPS': 0.03393927192001823, 'PGE': 0.026848148010787158, 'MBK': 0.02636177235712053, 'OPL': 0.023958504421356025, 'PCO': 0.021860413366323522, 'ACP': 0.019917030035550988, 'JSW': 0.01045548709091198, 'CCC': 0.009958515017775494}"
52,2022-04-14,92763.39984464369,0.0,"{'PKO': 0.15894629204791702, 'PEO': 0.10084930302050937, 'KGH': 0.09315100427565527, 'PKN': 0.0915149171095087, 'PZU': 0.08750523198211324, 'LPP': 0.06993848778497747, 'DNP': 0.06197421891142983, 'ALE': 0.05622672099097715, 'CDR': 0.05504098165229969, 'SPL': 0.05155370000476839, 'CPS': 0.03393927192001823, 'PGE': 0.026848148010787158, 'MBK': 0.02636177235712053, 'OPL': 0.023958504421356025, 'PCO': 0.021860413366323522, 'ACP': 0.019917030035550988, 'JSW': 0.01045548709091198, 'CCC': 0.009958515017775494}"
53,2022-04-15,92763.39984464369,0.0,"{'PKO': 0.15894629204791702, 'PEO': 0.10084930302050937, 'KGH': 0.09315100427565527, 'PKN': 0.0915149171095087, 'PZU': 0.08750523198211324, 'LPP': 0.06993848778497747, 'DNP': 0.06197421891142983, 'ALE': 0.05622672099097715, 'CDR': 0.05504098165229969, 'SPL': 0.05155370000476839, 'CPS': 0.03393927192001823, 'PGE': 0.026848148010787158, 'MBK': 0.02636177235712053, 'OPL': 0.023958504421356025, 'PCO': 0.021860413366323522, 'ACP': 0.019917030035550988, 'JSW': 0.01045548709091198, 'CCC': 0.009958515017775494}"
54,2022-04-18,92763.39984464369,0.0,"{'PKO': 0.15894629204791702, 'PEO': 0.10084930302050937, 'KGH': 0.09315100427565527, 'PKN': 0.0915149171095087, 'PZU': 0.08750523198211324, 'LPP': 0.06993848778497747, 'DNP': 0.06197421891142983, 'ALE': 0.05622672099097715, 'CDR': 0.05504098165229969, 'SPL': 0.05155370000476839, 'CPS': 0.03393927192001823, 'PGE': 0.026848148010787158, 'MBK': 0.02636177235712053, 'OPL': 0.023958504421356025, 'PCO': 0.021860413366323522, 'ACP': 0.019917030035550988, 'JSW': 0.01045548709091198, 'CCC': 0.009958515017775494}"
55,2022-04-19,91361.78302587358,0.0,"{'PKO': 0.15894629204791702, 'PEO': 0.10084930302050937, 'KGH': 0.09315100427565527, 'PKN': 0.0915149171095087, 'PZU': 0.08750523198211324, 'LPP': 0.06993848778497747, 'DNP': 0.06197421891142983, 'ALE': 0.05622672099097715, 'CDR': 0.05504098165229969, 'SPL': 0.05155370000476839, 'CPS': 0.03393927192001823, 'PGE': 0.026848148010787158, 'MBK': 0.02636177235712053, 'OPL': 0.023958504421356025, 'PCO': 0.021860413366323522, 'ACP': 0.019917030035550988, 'JSW': 0.01045548709091198, 'CCC': 0.009958515017775494}"
56,2022-04-20,90732.65681387614,0.0,"{'PKO': 0.15894629204791702, 'PEO': 0.10084930302050937, 'KGH': 0.09315100427565527, 'PKN': 0.0915149171095087, 'PZU': 0.08750523198211324, 'LPP': 0.06993848778497747, 'DNP': 0.06197421891142983, 'ALE': 0.05622672099097715, 'CDR': 0.05504098165229969, 'SPL': 0.05155370000476839, 'CPS': 0.03393927192001823, 'PGE': 0.026848148010787158, 'MBK': 0.02636177235712053, 'OPL': 0.023958504421356025, 'PCO': 0.021860413366323522, 'ACP': 0.019917030035550988, 'JSW': 0.01045548709091198, 'CCC': 0.009958515017775494}"
57,2022-04-21,90160.52149385161,0.0,"{'PKO': 0.15894629204791702, 'PEO': 0.10084930302050937, 'KGH': 0.09315100427565527, 'PKN': 0.0915149171095087, 'PZU': 0.08750523198211324, 'LPP': 0.06993848778497747, 'DNP': 0.06197421891142983, 'ALE': 0.05622672099097715, 'CDR': 0.05504098165229969, 'SPL': 0.05155370000476839, 'CPS': 0.03393927192001823, 'PGE': 0.026848148010787158, 'MBK': 0.02636177235712053, 'OPL': 0.023958504421356025, 'PCO': 0.021860413366323522, 'ACP': 0.019917030035550988, 'JSW': 0.01045548709091198, 'CCC': 0.009958515017775494}"
58,2022-04-22,87572.1116625305,0.0,"{'PKO': 0.15894629204791702, 'PEO': 0.10084930302050937, 'KGH': 0.09315100427565527, 'PKN': 0.0915149171095087, 'PZU': 0.08750523198211324, 'LPP': 0.06993848778497747, 'DNP': 0.06197421891142983, 'ALE': 0.05622672099097715, 'CDR': 0.05504098165229969, 'SPL': 0.05155370000476839, 'CPS': 0.03393927192001823, 'PGE': 0.026848148010787158, 'MBK': 0.02636177235712053, 'OPL': 0.023958504421356025, 'PCO': 0.021860413366323522, 'ACP': 0.019917030035550988, 'JSW': 0.01045548709091198, 'CCC': 0.009958515017775494}"
59,2022-04-25,84965.24403826268,0.0,"{'PKO': 0.15894629204791702, 'PEO': 0.10084930302050937, 'KGH': 0.09315100427565527, 'PKN': 0.0915149171095087, 'PZU': 0.08750523198211324, 'LPP': 0.06993848778497747, 'DNP': 0.06197421891142983, 'ALE': 0.05622672099097715, 'CDR': 0.05504098165229969, 'SPL': 0.05155370000476839, 'CPS': 0.03393927192001823, 'PGE': 0.026848148010787158, 'MBK': 0.02636177235712053, 'OPL': 0.023958504421356025, 'PCO': 0.021860413366323522, 'ACP': 0.019917030035550988, 'JSW': 0.01045548709091198, 'CCC': 0.009958515017775494}"
60,2022-04-26,83980.89699131915,0.0,"{'PKO': 0.15894629204791702, 'PEO': 0.10084930302050937, 'KGH': 0.09315100427565527, 'PKN': 0.0915149171095087, 'PZU': 0.08750523198211324, 'LPP': 0.06993848778497747, 'DNP': 0.06197421891142983, 'ALE': 0.05622672099097715, 'CDR': 0.05504098165229969, 'SPL': 0.05155370000476839, 'CPS': 0.03393927192001823, 'PGE': 0.026848148010787158, 'MBK': 0.02636177235712053, 'OPL': 0.023958504421356025, 'PCO': 0.021860413366323522, 'ACP': 0.019917030035550988, 'JSW': 0.01045548709091198, 'CCC': 0.009958515017775494}"
61,2022-04-27,83099.77927395698,0.0,"{'PKO': 0.15894629204791702, 'PEO': 0.10084930302050937, 'KGH': 0.09315100427565527, 'PKN': 0.0915149171095087, 'PZU': 0.08750523198211324, 'LPP': 0.06993848778497747, 'DNP': 0.06197421891142983, 'ALE': 0.05622672099097715, 'CDR': 0.05504098165229969, 'SPL': 0.05155370000476839, 'CPS': 0.03393927192001823, 'PGE': 0.026848148010787158, 'MBK': 0.02636177235712053, 'OPL': 0.023958504421356025, 'PCO': 0.021860413366323522, 'ACP': 0.019917030035550988, 'JSW': 0.01045548709091198, 'CCC': 0.009958515017775494}"
62,2022-04-28,83035.68422539564,0.0,"{'PKO': 0.15894629204791702, 'PEO': 0.10084930302050937, 'KGH': 0.09315100427565527, 'PKN': 0.0915149171095087, 'PZU': 0.08750523198211324, 'LPP': 0.06993848778497747, 'DNP': 0.06197421891142983, 'ALE': 0.05622672099097715, 'CDR': 0.05504098165229969, 'SPL': 0.05155370000476839, 'CPS': 0.03393927192001823, 'PGE': 0.026848148010787158, 'MBK': 0.02636177235712053, 'OPL': 0.023958504421356025, 'PCO': 0.021860413366323522, 'ACP': 0.019917030035550988, 'JSW': 0.01045548709091198, 'CCC': 0.009958515017775494}"
63,2022-04-29,81759.81426092988,0.0,"{'PKO': 0.15894629204791702, 'PEO': 0.10084930302050937, 'KGH': 0.09315100427565527, 'PKN': 0.0915149171095087, 'PZU': 0.08750523198211324, 'LPP': 0.06993848778497747, 'DNP': 0.06197421891142983, 'ALE': 0.05622672099097715, 'CDR': 0.05504098165229969, 'SPL': 0.05155370000476839, 'CPS': 0.03393927192001823, 'PGE': 0.026848148010787158, 'MBK': 0.02636177235712053, 'OPL': 0.023958504421356025, 'PCO': 0.021860413366323522, 'ACP': 0.019917030035550988, 'JSW': 0.01045548709091198, 'CCC': 0.009958515017775494}"
64,2022-05-02,80361.40393019974,0.0,"{'PKO': 0.15894629204791702, 'PEO': 0.10084930302050937, 'KGH': 0.09315100427565527, 'PKN': 0.0915149171095087, 'PZU': 0.08750523198211324, 'LPP': 0.06993848778497747, 'DNP': 0.06197421891142983, 'ALE': 0.05622672099097715, 'CDR': 0.05504098165229969, 'SPL': 0.05155370000476839, 'CPS': 0.03393927192001823, 'PGE': 0.026848148010787158, 'MBK': 0.02636177235712053, 'OPL': 0.023958504421356025, 'PCO': 0.021860413366323522, 'ACP': 0.019917030035550988, 'JSW': 0.01045548709091198, 'CCC': 0.009958515017775494}"
65,2022-05-03,80361.40393019974,0.0,"{'PKO': 0.15894629204791702, 'PEO': 0.10084930302050937, 'KGH': 0.09315100427565527, 'PKN': 0.0915149171095087, 'PZU': 0.08750523198211324, 'LPP': 0.06993848778497747, 'DNP': 0.06197421891142983, 'ALE': 0.05622672099097715, 'CDR': 0.05504098165229969, 'SPL': 0.05155370000476839, 'CPS': 0.03393927192001823, 'PGE': 0.026848148010787158, 'MBK': 0.02636177235712053, 'OPL': 0.023958504421356025, 'PCO': 0.021860413366323522, 'ACP': 0.019917030035550988, 'JSW': 0.01045548709091198, 'CCC': 0.009958515017775494}"
66,2022-05-04,79575.29506626929,0.0,"{'PKO': 0.15894629204791702, 'PEO': 0.10084930302050937, 'KGH': 0.09315100427565527, 'PKN': 0.0915149171095087, 'PZU': 0.08750523198211324, 'LPP': 0.06993848778497747, 'DNP': 0.06197421891142983, 'ALE': 0.05622672099097715, 'CDR': 0.05504098165229969, 'SPL': 0.05155370000476839, 'CPS': 0.03393927192001823, 'PGE': 0.026848148010787158, 'MBK': 0.02636177235712053, 'OPL': 0.023958504421356025, 'PCO': 0.021860413366323522, 'ACP': 0.019917030035550988, 'JSW': 0.01045548709091198, 'CCC': 0.009958515017775494}"
67,2022-05-05,77442.54018233574,0.0,"{'PKO': 0.15894629204791702, 'PEO': 0.10084930302050937, 'KGH': 0.09315100427565527, 'PKN': 0.0915149171095087, 'PZU': 0.08750523198211324, 'LPP': 0.06993848778497747, 'DNP': 0.06197421891142983, 'ALE': 0.05622672099097715, 'CDR': 0.05504098165229969, 'SPL': 0.05155370000476839, 'CPS': 0.03393927192001823, 'PGE': 0.026848148010787158, 'MBK': 0.02636177235712053, 'OPL': 0.023958504421356025, 'PCO': 0.021860413366323522, 'ACP': 0.019917030035550988, 'JSW': 0.01045548709091198, 'CCC': 0.009958515017775494}"
68,2022-05-06,77117.54305982478,0.0,"{'PKO': 0.15894629204791702, 'PEO': 0.10084930302050937, 'KGH': 0.09315100427565527, 'PKN': 0.0915149171095087, 'PZU': 0.08750523198211324, 'LPP': 0.06993848778497747, 'DNP': 0.06197421891142983, 'ALE': 0.05622672099097715, 'CDR': 0.05504098165229969, 'SPL': 0.05155370000476839, 'CPS': 0.03393927192001823, 'PGE': 0.026848148010787158, 'MBK': 0.02636177235712053, 'OPL': 0.023958504421356025, 'PCO': 0.021860413366323522, 'ACP': 0.019917030035550988, 'JSW': 0.01045548709091198, 'CCC': 0.009958515017775494}"
69,2022-05-09,75484.918031286,0.0,"{'PKO': 0.15894629204791702, 'PEO': 0.10084930302050937, 'KGH': 0.09315100427565527, 'PKN': 0.0915149171095087, 'PZU': 0.08750523198211324, 'LPP': 0.06993848778497747, 'DNP': 0.06197421891142983, 'ALE': 0.05622672099097715, 'CDR': 0.05504098165229969, 'SPL': 0.05155370000476839, 'CPS': 0.03393927192001823, 'PGE': 0.026848148010787158, 'MBK': 0.02636177235712053, 'OPL': 0.023958504421356025, 'PCO': 0.021860413366323522, 'ACP': 0.019917030035550988, 'JSW': 0.01045548709091198, 'CCC': 0.009958515017775494}"
70,2022-05-10,75354.33187012334,0.0,"{'PKO': 0.15894629204791702, 'PEO': 0.10084930302050937, 'KGH': 0.09315100427565527, 'PKN': 0.0915149171095087, 'PZU': 0.08750523198211324, 'LPP': 0.06993848778497747, 'DNP': 0.06197421891142983, 'ALE': 0.05622672099097715, 'CDR': 0.05504098165229969, 'SPL': 0.05155370000476839, 'CPS': 0.03393927192001823, 'PGE': 0.026848148010787158, 'MBK': 0.02636177235712053, 'OPL': 0.023958504421356025, 'PCO': 0.021860413366323522, 'ACP': 0.019917030035550988, 'JSW': 0.01045548709091198, 'CCC': 0.009958515017775494}"
71,2022-05-11,75401.0498446206,0.0,"{'PKO': 0.15894629204791702, 'PEO': 0.10084930302050937, 'KGH': 0.09315100427565527, 'PKN': 0.0915149171095087, 'PZU': 0.08750523198211324, 'LPP': 0.06993848778497747, 'DNP': 0.06197421891142983, 'ALE': 0.05622672099097715, 'CDR': 0.05504098165229969, 'SPL': 0.05155370000476839, 'CPS': 0.03393927192001823, 'PGE': 0.026848148010787158, 'MBK': 0.02636177235712053, 'OPL': 0.023958504421356025, 'PCO': 0.021860413366323522, 'ACP': 0.019917030035550988, 'JSW': 0.01045548709091198, 'CCC': 0.009958515017775494}"
72,2022-05-12,74332.24726604424,0.0,"{'PKO': 0.15894629204791702, 'PEO': 0.10084930302050937, 'KGH': 0.09315100427565527, 'PKN': 0.0915149171095087, 'PZU': 0.08750523198211324, 'LPP': 0.06993848778497747, 'DNP': 0.06197421891142983, 'ALE': 0.05622672099097715, 'CDR': 0.05504098165229969, 'SPL': 0.05155370000476839, 'CPS': 0.03393927192001823, 'PGE': 0.026848148010787158, 'MBK': 0.02636177235712053, 'OPL': 0.023958504421356025, 'PCO': 0.021860413366323522, 'ACP': 0.019917030035550988, 'JSW': 0.01045548709091198, 'CCC': 0.009958515017775494}"
73,2022-05-13,77656.61577837844,0.0,"{'PKO': 0.15894629204791702, 'PEO': 0.10084930302050937, 'KGH': 0.09315100427565527, 'PKN': 0.0915149171095087, 'PZU': 0.08750523198211324, 'LPP': 0.06993848778497747, 'DNP': 0.06197421891142983, 'ALE': 0.05622672099097715, 'CDR': 0.05504098165229969, 'SPL': 0.05155370000476839, 'CPS': 0.03393927192001823, 'PGE': 0.026848148010787158, 'MBK': 0.02636177235712053, 'OPL': 0.023958504421356025, 'PCO': 0.021860413366323522, 'ACP': 0.019917030035550988, 'JSW': 0.01045548709091198, 'CCC': 0.009958515017775494}"
74,2022-05-16,77444.57145554386,0.0,"{'PKO': 0.15894629204791702, 'PEO': 0.10084930302050937, 'KGH': 0.09315100427565527, 'PKN': 0.0915149171095087, 'PZU': 0.08750523198211324, 'LPP': 0.06993848778497747, 'DNP': 0.06197421891142983, 'ALE': 0.05622672099097715, 'CDR': 0.05504098165229969, 'SPL': 0.05155370000476839, 'CPS': 0.03393927192001823, 'PGE': 0.026848148010787158, 'MBK': 0.02636177235712053, 'OPL': 0.023958504421356025, 'PCO': 0.021860413366323522, 'ACP': 0.019917030035550988, 'JSW': 0.01045548709091198, 'CCC': 0.009958515017775494}"
75,2022-05-17,79495.5428575768,0.0,"{'PKO': 0.15894629204791702, 'PEO': 0.10084930302050937, 'KGH': 0.09315100427565527, 'PKN': 0.0915149171095087, 'PZU': 0.08750523198211324, 'LPP': 0.06993848778497747, 'DNP': 0.06197421891142983, 'ALE': 0.05622672099097715, 'CDR': 0.05504098165229969, 'SPL': 0.05155370000476839, 'CPS': 0.03393927192001823, 'PGE': 0.026848148010787158, 'MBK': 0.02636177235712053, 'OPL': 0.023958504421356025, 'PCO': 0.021860413366323522, 'ACP': 0.019917030035550988, 'JSW': 0.01045548709091198, 'CCC': 0.009958515017775494}"
76,2022-05-18,79538.11835431462,0.0,"{'PKO': 0.15894629204791702, 'PEO': 0.10084930302050937, 'KGH': 0.09315100427565527, 'PKN': 0.0915149171095087, 'PZU': 0.08750523198211324, 'LPP': 0.06993848778497747, 'DNP': 0.06197421891142983, 'ALE': 0.05622672099097715, 'CDR': 0.05504098165229969, 'SPL': 0.05155370000476839, 'CPS': 0.03393927192001823, 'PGE': 0.026848148010787158, 'MBK': 0.02636177235712053, 'OPL': 0.023958504421356025, 'PCO': 0.021860413366323522, 'ACP': 0.019917030035550988, 'JSW': 0.01045548709091198, 'CCC': 0.009958515017775494}"
77,2022-05-19,78007.63102013175,0.0,"{'PKO': 0.15894629204791702, 'PEO': 0.10084930302050937, 'KGH': 0.09315100427565527, 'PKN': 0.0915149171095087, 'PZU': 0.08750523198211324, 'LPP': 0.06993848778497747, 'DNP': 0.06197421891142983, 'ALE': 0.05622672099097715, 'CDR': 0.05504098165229969, 'SPL': 0.05155370000476839, 'CPS': 0.03393927192001823, 'PGE': 0.026848148010787158, 'MBK': 0.02636177235712053, 'OPL': 0.023958504421356025, 'PCO': 0.021860413366323522, 'ACP': 0.019917030035550988, 'JSW': 0.01045548709091198, 'CCC': 0.009958515017775494}"
78,2022-05-20,78402.8039883685,0.0,"{'PKO': 0.15894629204791702, 'PEO': 0.10084930302050937, 'KGH': 0.09315100427565527, 'PKN': 0.0915149171095087, 'PZU': 0.08750523198211324, 'LPP': 0.06993848778497747, 'DNP': 0.06197421891142983, 'ALE': 0.05622672099097715, 'CDR': 0.05504098165229969, 'SPL': 0.05155370000476839, 'CPS': 0.03393927192001823, 'PGE': 0.026848148010787158, 'MBK': 0.02636177235712053, 'OPL': 0.023958504421356025, 'PCO': 0.021860413366323522, 'ACP': 0.019917030035550988, 'JSW': 0.01045548709091198, 'CCC': 0.009958515017775494}"
79,2022-05-23,80843.8202102417,0.0,"{'PKO': 0.15894629204791702, 'PEO': 0.10084930302050937, 'KGH': 0.09315100427565527, 'PKN': 0.0915149171095087, 'PZU': 0.08750523198211324, 'LPP': 0.06993848778497747, 'DNP': 0.06197421891142983, 'ALE': 0.05622672099097715, 'CDR': 0.05504098165229969, 'SPL': 0.05155370000476839, 'CPS': 0.03393927192001823, 'PGE': 0.026848148010787158, 'MBK': 0.02636177235712053, 'OPL': 0.023958504421356025, 'PCO': 0.021860413366323522, 'ACP': 0.019917030035550988, 'JSW': 0.01045548709091198, 'CCC': 0.009958515017775494}"
80,2022-05-24,79783.9115497664,0.0,"{'PKO': 0.15894629204791702, 'PEO': 0.10084930302050937, 'KGH': 0.09315100427565527, 'PKN': 0.0915149171095087, 'PZU': 0.08750523198211324, 'LPP': 0.06993848778497747, 'DNP': 0.06197421891142983, 'ALE': 0.05622672099097715, 'CDR': 0.05504098165229969, 'SPL': 0.05155370000476839, 'CPS': 0.03393927192001823, 'PGE': 0.026848148010787158, 'MBK': 0.02636177235712053, 'OPL': 0.023958504421356025, 'PCO': 0.021860413366323522, 'ACP': 0.019917030035550988, 'JSW': 0.01045548709091198, 'CCC': 0.009958515017775494}"
81,2022-05-25,78950.27176269879,0.0,"{'PKO': 0.15894629204791702, 'PEO': 0.10084930302050937, 'KGH': 0.09315100427565527, 'PKN': 0.0915149171095087, 'PZU': 0.08750523198211324, 'LPP': 0.06993848778497747, 'DNP': 0.06197421891142983, 'ALE': 0.05622672099097715, 'CDR': 0.05504098165229969, 'SPL': 0.05155370000476839, 'CPS': 0.03393927192001823, 'PGE': 0.026848148010787158, 'MBK': 0.02636177235712053, 'OPL': 0.023958504421356025, 'PCO': 0.021860413366323522, 'ACP': 0.019917030035550988, 'JSW': 0.01045548709091198, 'CCC': 0.009958515017775494}"
82,2022-05-26,80346.76712874095,0.0,"{'PKO': 0.15894629204791702, 'PEO': 0.10084930302050937, 'KGH': 0.09315100427565527, 'PKN': 0.0915149171095087, 'PZU': 0.08750523198211324, 'LPP': 0.06993848778497747, 'DNP': 0.06197421891142983, 'ALE': 0.05622672099097715, 'CDR': 0.05504098165229969, 'SPL': 0.05155370000476839, 'CPS': 0.03393927192001823, 'PGE': 0.026848148010787158, 'MBK': 0.02636177235712053, 'OPL': 0.023958504421356025, 'PCO': 0.021860413366323522, 'ACP': 0.019917030035550988, 'JSW': 0.01045548709091198, 'CCC': 0.009958515017775494}"
83,2022-05-27,79712.03798419089,0.0,"{'PKO': 0.15894629204791702, 'PEO': 0.10084930302050937, 'KGH': 0.09315100427565527, 'PKN': 0.0915149171095087, 'PZU': 0.08750523198211324, 'LPP': 0.06993848778497747, 'DNP': 0.06197421891142983, 'ALE': 0.05622672099097715, 'CDR': 0.05504098165229969, 'SPL': 0.05155370000476839, 'CPS': 0.03393927192001823, 'PGE': 0.026848148010787158, 'MBK': 0.02636177235712053, 'OPL': 0.023958504421356025, 'PCO': 0.021860413366323522, 'ACP': 0.019917030035550988, 'JSW': 0.01045548709091198, 'CCC': 0.009958515017775494}"
84,2022-05-30,81969.31028282817,0.0,"{'PKO': 0.15894629204791702, 'PEO': 0.10084930302050937, 'KGH': 0.09315100427565527, 'PKN': 0.0915149171095087, 'PZU': 0.08750523198211324, 'LPP': 0.06993848778497747, 'DNP': 0.06197421891142983, 'ALE': 0.05622672099097715, 'CDR': 0.05504098165229969, 'SPL': 0.05155370000476839, 'CPS': 0.03393927192001823, 'PGE': 0.026848148010787158, 'MBK': 0.02636177235712053, 'OPL': 0.023958504421356025, 'PCO': 0.021860413366323522, 'ACP': 0.019917030035550988, 'JSW': 0.01045548709091198, 'CCC': 0.009958515017775494}"
85,2022-05-31,81404.16091690127,0.0,"{'PKO': 0.15894629204791702, 'PEO': 0.10084930302050937, 'KGH': 0.09315100427565527, 'PKN': 0.0915149171095087, 'PZU': 0.08750523198211324, 'LPP': 0.06993848778497747, 'DNP': 0.06197421891142983, 'ALE': 0.05622672099097715, 'CDR': 0.05504098165229969, 'SPL': 0.05155370000476839, 'CPS': 0.03393927192001823, 'PGE': 0.026848148010787158, 'MBK': 0.02636177235712053, 'OPL': 0.023958504421356025, 'PCO': 0.021860413366323522, 'ACP': 0.019917030035550988, 'JSW': 0.01045548709091198, 'CCC': 0.009958515017775494}"
86,2022-06-01,80545.75311930254,0.0,"{'PKO': 0.15894629204791702, 'PEO': 0.10084930302050937, 'KGH': 0.09315100427565527, 'PKN': 0.0915149171095087, 'PZU': 0.08750523198211324, 'LPP': 0.06993848778497747, 'DNP': 0.06197421891142983, 'ALE': 0.05622672099097715, 'CDR': 0.05504098165229969, 'SPL': 0.05155370000476839, 'CPS': 0.03393927192001823, 'PGE': 0.026848148010787158, 'MBK': 0.02636177235712053, 'OPL': 0.023958504421356025, 'PCO': 0.021860413366323522, 'ACP': 0.019917030035550988, 'JSW': 0.01045548709091198, 'CCC': 0.009958515017775494}"
87,2022-06-02,81023.24857314985,0.0,"{'PKO': 0.15894629204791702, 'PEO': 0.10084930302050937, 'KGH': 0.09315100427565527, 'PKN': 0.0915149171095087, 'PZU': 0.08750523198211324, 'LPP': 0.06993848778497747, 'DNP': 0.06197421891142983, 'ALE': 0.05622672099097715, 'CDR': 0.05504098165229969, 'SPL': 0.05155370000476839, 'CPS': 0.03393927192001823, 'PGE': 0.026848148010787158, 'MBK': 0.02636177235712053, 'OPL': 0.023958504421356025, 'PCO': 0.021860413366323522, 'ACP': 0.019917030035550988, 'JSW': 0.01045548709091198, 'CCC': 0.009958515017775494}"
88,2022-06-03,80007.83152507519,0.0,"{'PKO': 0.15894629204791702, 'PEO': 0.10084930302050937, 'KGH': 0.09315100427565527, 'PKN': 0.0915149171095087, 'PZU': 0.08750523198211324, 'LPP': 0.06993848778497747, 'DNP': 0.06197421891142983, 'ALE': 0.05622672099097715, 'CDR': 0.05504098165229969, 'SPL': 0.05155370000476839, 'CPS': 0.03393927192001823, 'PGE': 0.026848148010787158, 'MBK': 0.02636177235712053, 'OPL': 0.023958504421356025, 'PCO': 0.021860413366323522, 'ACP': 0.019917030035550988, 'JSW': 0.01045548709091198, 'CCC': 0.009958515017775494}"
