name,ticker,market,sector
Magna Polonia S.A.,06N,GPW,Miscellaneous
Octava SA,08N,GPW,Miscellaneous
11 Bit Studios SA,11B,GPW,Technology services
ATAL S.A.,1AT,GPW,Consumer durables
3R Games SA,3RG,GPW,Retail trade
4Mobility S.A.,4MB,NEWCONNECT,Finance
4Mass SA,4MS,GPW,Consumer non-durables
7FIT Spolka Akcyjna,7FT,NEWCONNECT,Retail trade
7LEVELS SA,7LV,NEWCONNECT,Technology services
Arts Alliance GK SA,AAS,NEWCONNECT,Finance
Alta SA,AAT,GPW,Finance
AB S.A.,ABE,GPW,Distribution services
Abak S.A.,ABK,NEWCONNECT,Commercial services
Asseco Business Solutions SA,ABS,GPW,Technology services
AC Spolka Akcyjna,ACG,GPW,Producer manufacturing
Asseco Poland S.A.,ACP,GPW,Technology services
Action S.A.,ACT,GPW,Distribution services
Adiuvo Investment S.A.,ADV,GPW,Health technology
Adatex Spoyka Akcyjna,ADX,NEWCONNECT,Commercial services
VENDA SE,AER,NEWCONNECT,Finance
AKCEPT Finance SA,AFC,NEWCONNECT,Finance
Aforti Holding SA,AFH,NEWCONNECT,Finance
Agroliga Group Plc.,AGL,NEWCONNECT,Process industries
Agora SA,AGO,GPW,Consumer services
AGROMEP Spolka Akcyjna,AGP,NEWCONNECT,Producer manufacturing
Agroton Public Ltd,AGT,GPW,Process industries
ABS Investment Alternatywna Spolka Inwestycyjna Spolka Akcyjna,AIN,NEWCONNECT,Miscellaneous
Aiton Caldwell SA,AIT,NEWCONNECT,Technology services
Allegro.eu SA,ALE,GPW,Retail trade
All in! Games SA,ALG,GPW,Miscellaneous
Altus SA,ALI,GPW,Finance
Ailleron SA,ALL,GPW,Technology services
Alior Bank SA,ALR,GPW,Finance
Ambra S.A.,AMB,GPW,Consumer non-durables
Amica Spolka Akcyjna,AMC,GPW,Consumer durables
ADVANCED MEDICAL EQUIPMENT SPOLKA AKCYJNA,AME,NEWCONNECT,Distribution services
Answear.com SA,ANR,GPW,Retail trade
Analizy Online S.A.,AOL,NEWCONNECT,Finance
APANET SA Class D,APA,NEWCONNECT,Producer manufacturing
Apollo Capital S.A.,APC,NEWCONNECT,Finance
APS Energia SA,APE,GPW,Producer manufacturing
LC Spolka Akcyjna,APL,GPW,Distribution services
Aplisens S.A.,APN,GPW,Electronic technology
Auto Partner SA,APR,GPW,Distribution services
Automatyka-Pomiary-Sterowanie SA,APS,NEWCONNECT,Producer manufacturing
Apator S.A.,APT,GPW,Electronic technology
AQUA Spolka Akcyjna,AQA,NEWCONNECT,Industrial services
AQT Water SA,AQT,NEWCONNECT,Utilities
AQUA S.A.,AQU,NEWCONNECT,Utilities
Art Games Studio SA,ARG,NEWCONNECT,Technology services
Archicom SA,ARH,GPW,Finance
Agencja Rozwoju Innowacji SA,ARI,NEWCONNECT,Commercial services
Arlen SA,ARL,GPW,Consumer non-durables
Artifex Mundi SA,ART,GPW,Technology services
APIS Spolka Akcyjna,ASA,NEWCONNECT,Consumer durables
ASBISc Enterprises Plc,ASB,GPW,Distribution services
Asseco South Eastern Europe S.A.,ASE,GPW,Technology services
ASM Group SA,ASM,GPW,Commercial services
Astro S.A.,ASR,NEWCONNECT,Consumer services
ASTARTA HOLDING PLC,AST,GPW,Process industries
ATC Cargo S.A.,ATA,NEWCONNECT,Transportation
Arctic Paper S.A.,ATC,GPW,Process industries
Atende SA,ATD,GPW,Technology services
ATM Grupa S.A.,ATG,GPW,Consumer services
Atomic Jelly SA Class A,ATJ,NEWCONNECT,Technology services
Aton-HT S.A.,ATO,NEWCONNECT,Industrial services
Atlanta Poland SA,ATP,GPW,Distribution services
Atrem S.A.,ATR,GPW,Industrial services
ATLANTIS SE,ATS,GPW,Finance
Grupa Azoty Spolka Akcyjna,ATT,GPW,Process industries
AUXILIA SA,AUX,NEWCONNECT,Commercial services
Advertigo SA,AVE,NEWCONNECT,Commercial services
Airway Medix SA,AWM,GPW,Health technology
Aztec International S.A.,AZC,NEWCONNECT,Producer manufacturing
Brand 24 SA,B24,GPW,Technology services
B-ACT SA,BAC,NEWCONNECT,Industrial services
BBI Development SA,BBD,GPW,Miscellaneous
BoomBit SA Class B,BBT,GPW,Technology services
Betacom S.A.,BCM,GPW,Technology services
Big Cheese Studio S.A,BCS,GPW,Technology services
Bioceltix SA,BCX,GPW,Health technology
Budimex SA,BDX,GPW,Industrial services
BeeIN SA,BEE,NEWCONNECT,Distribution services
Biomass Energy Project SA,BEP,NEWCONNECT,Process industries
BRG Spolka Akcyjna,BER,NEWCONNECT,Industrial services
Benefit Systems S.A.,BFT,GPW,Consumer services
Biogened SA,BGD,NEWCONNECT,Health technology
Bank Handlowy w Warszawie S.A.,BHW,GPW,Finance
Binary Helix SA,BHX,NEWCONNECT,Technology services
BIOTON S.A.,BIO,GPW,Health technology
Bio Planet S.A.,BIP,GPW,Consumer non-durables
Baked Games SA,BKD,NEWCONNECT,Technology services
BeLeaf Spolka Akcyjna,BLF,NEWCONNECT,Consumer services
Bloober Team spolka akcyjna,BLO,GPW,Technology services
Balticon SA,BLT,NEWCONNECT,Producer manufacturing
Bumech S.A.,BMC,GPW,Producer manufacturing
Biomaxima SA,BMX,GPW,Health technology
BNP Paribas Bank Polska Spolka Akcyjna,BNP,GPW,Finance
Bank Ochrony Srodowiska S.A.,BOS,GPW,Finance
Bowim S.A.,BOW,GPW,Distribution services
Black Pearl SA,BPC,NEWCONNECT,Finance
Black Point SA,BPN,NEWCONNECT,Electronic technology
Braster SA,BRA,GPW,Health technology
Berg Holding SA,BRH,NEWCONNECT,Finance
Browar Czarnkow SA,BRO,NEWCONNECT,Consumer non-durables
Black Rose Projects SA,BRP,NEWCONNECT,Technology services
Boryszew S.A.,BRS,GPW,Non-energy minerals
BRAS S.A.,BSA,NEWCONNECT,Commercial services
Bridge Solutions Hub S.A.,BSH,NEWCONNECT,Technology services
Brainscan SA,BSN,NEWCONNECT,Technology services
BEST S.A.,BST,GPW,Commercial services
BTC Studios SA,BTC,NEWCONNECT,Technology services
BizTech Konsulting SA,BTK,NEWCONNECT,Technology services
CARLSON INVESTMENTS SE,CAI,NEWCONNECT,Non-energy minerals
Capitea S.A.,CAP,GPW,Commercial services
Inter Cars S.A.,CAR,GPW,Producer manufacturing
Cavatina Holding SA,CAV,GPW,Finance
Cannabis Poland SA,CBD,NEWCONNECT,Health technology
cyber_Folks SA,CBF,GPW,Communications
CCC SA,CCC,GPW,Retail trade
Clean & Carbon Energy SA,CCE,GPW,Energy minerals
Constance Care SA,CCR,NEWCONNECT,Health services
Cyfrowe Centrum Serwisowe SA,CCS,NEWCONNECT,Distribution services
CDA SA,CDA,NEWCONNECT,Technology services
CDRL S.A.,CDL,GPW,Retail trade
CD Projekt S.A.,CDR,GPW,Technology services
Creativeforge Games SA,CFG,NEWCONNECT,Technology services
CFI HOLDING S.A.,CFI,GPW,Consumer services
Centrum Finansowe SA,CFS,NEWCONNECT,Commercial services
Cherrypick Games SA,CHP,NEWCONNECT,Technology services
CI Games S.A.,CIG,GPW,Technology services
CONSOLE LABS Spolka Akcyjna,CLA,NEWCONNECT,Technology services
Columbus Energy SA,CLC,GPW,Utilities
Cloud Technologies SA,CLD,GPW,Technology services
Coal Energy S.A.,CLE,GPW,Energy minerals
Celon Pharma SA,CLN,GPW,Health technology
COMECO S.A. Class D,CMC,NEWCONNECT,Process industries
CM International SA Class BC,CMI,NEWCONNECT,Producer manufacturing
Comp S.A.,CMP,GPW,Technology services
Cognor Holding SA,COG,GPW,Miscellaneous
Corey Europe S.A.,COR,NEWCONNECT,Utilities
Cosma S.A.,COS,NEWCONNECT,Distribution services
Capital Partners S.A.,CPA,GPW,Commercial services
CPD S.A.,CPD,GPW,Finance
Comperia.pl S.A.,CPL,GPW,Technology services
Compremum S.A.,CPR,GPW,Producer manufacturing
Cyfrowy Polsat SA,CPS,GPW,Consumer services
Carbon Studio S.A.,CRB,NEWCONNECT,Technology services
CARPATHIA CAPITAL S.A.,CRC,NEWCONNECT,Finance
Creotech Instruments SA,CRI,GPW,Electronic technology
Creepy Jar S.A.,CRJ,GPW,Technology services
PZ Cormay S.A.,CRM,GPW,Health technology
Cereal Planet PLC,CRP,NEWCONNECT,Consumer non-durables
Caspar Asset Management SA,CSR,GPW,Finance
CTE Group SA,CTE,NEWCONNECT,Commercial services
Centurion Finance ASI SA,CTF,NEWCONNECT,Technology services
City Service SE,CTS,GPW,Commercial services
Captor Therapeutics SA,CTX,GPW,Health technology
Consoleway SA,CWA,NEWCONNECT,Technology services
Czerwona Torebka SA,CZT,GPW,Finance
Dadelo SA,DAD,GPW,Retail trade
DataWalk Spolka Akcyjna,DAT,GPW,Technology services
Firma Oponiarska Debica S.A.,DBC,GPW,Consumer durables
DB Energy SA,DBE,GPW,Commercial services
Decora S.A.,DCR,GPW,Non-energy minerals
Detalion Games SA,DEG,NEWCONNECT,Technology services
Dekpol SA,DEK,GPW,Industrial services
Delko S.A.,DEL,GPW,Distribution services
DGA Spolka Akcyjna,DGA,GPW,Commercial services
DRAGO entertainment S.A.,DGE,GPW,Technology services
DG-NET SA,DGN,NEWCONNECT,Consumer services
Demolish Games S.A.,DGS,NEWCONNECT,Technology services
Diagnostyka S.A.,DIA,GPW,Health services
Digital Network S.A,DIG,GPW,Consumer services
DI VOLIO S.A.,DIV,NEWCONNECT,Finance
Dektra S.A.,DKR,NEWCONNECT,Distribution services
Dr. Miele Cosmed Group S.A.,DMG,GPW,Consumer non-durables
Dino Polska SA,DNP,GPW,Retail trade
DANKS Europejskie Centrum Doradztwa Podatkowego S.A.,DNS,NEWCONNECT,Commercial services
Dom Development S.A.,DOM,GPW,Finance
Dark Point Games SA,DPG,NEWCONNECT,Technology services
Dr. Finance SA,DRF,NEWCONNECT,Finance
Drageus Games S.A.,DRG,NEWCONNECT,Technology services
Digitree Group S.A.,DTR,GPW,Commercial services
Ditix S.A,DTX,NEWCONNECT,Finance
Duality SA,DUA,NEWCONNECT,Technology services
Develia S.A.,DVL,GPW,Finance
Esotiq & Henderson S.A.,EAH,GPW,Consumer non-durables
AmRest Holdings SE,EAT,GPW,Consumer services
Ekobox SA,EBX,NEWCONNECT,Utilities
ECB Spolka Akcyjna,ECB,GPW,Utilities
ECC Games SA,ECC,NEWCONNECT,Technology services
Echo Investment S.A.,ECH,GPW,Finance
Eurosnack S.A.,ECK,NEWCONNECT,Consumer non-durables
ECL S.A.,ECL,NEWCONNECT,Communications
Eco5tech SA,ECT,NEWCONNECT,Industrial services
ED invest S.A.,EDI,GPW,Consumer durables
EDITEL Polska S.A.,EDL,NEWCONNECT,Technology services
Ekipa Holding Spolka Akcyjna,EEE,NEWCONNECT,Commercial services
EKO EXPORT S. A.,EEX,GPW,Process industries
Europejski Fundusz Energii SA,EFE,NEWCONNECT,Technology services
Korporacja Gospodarcza efekt S.A.,EFK,GPW,Consumer services
Ekopol Gornoslaski Holding S.A.,EGH,NEWCONNECT,Distribution services
ENERGY S.A.,EGY,NEWCONNECT,Finance
EKO-OZE SA,EKE,NEWCONNECT,Health services
e-Kiosk S.A.,EKS,NEWCONNECT,Technology services
Elektromont Spolka Akcyjna,ELM,NEWCONNECT,Industrial services
ELQ Spolka Akcyjna,ELQ,NEWCONNECT,Producer manufacturing
ELEKTROTIM S.A.,ELT,GPW,Industrial services
Emplocity SA,EMP,NEWCONNECT,Technology services
Enea SA,ENA,GPW,Utilities
Eneida Games S.A.,END,NEWCONNECT,Technology services
Centrum Medyczne ENEL-MED S.A.,ENE,GPW,Finance
Energa SA,ENG,GPW,Utilities
Energoinstal SA,ENI,GPW,Producer manufacturing
Energoaparatura SA,ENP,GPW,Industrial services
Enter Air SA,ENT,GPW,Transportation
eo Networks SA,EON,NEWCONNECT,Technology services
EKOPARK S.A.,EPR,NEWCONNECT,Industrial services
Equnico SE,EQU,GPW,Industrial services
Erato Energy Spolka Akcyjna,ERA,NEWCONNECT,Finance
ERBUD S.A.,ERB,GPW,Industrial services
ERG S.A.,ERG,GPW,Process industries
Eskimos SA,ESK,NEWCONNECT,Consumer non-durables
Eurotel S.A.,ETL,GPW,Distribution services
Euro-Tax.pl S.A.,ETX,NEWCONNECT,Commercial services
Europejskie Centrum Odszkodowan S.A.,EUC,GPW,Finance
Eurocash S.A.,EUR,GPW,Distribution services
Examobile SA,EXA,NEWCONNECT,Technology services
EXCELLENCE S.A,EXC,NEWCONNECT,Consumer non-durables
e-Xim IT Spolka Akcyjna,EXM,NEWCONNECT,Technology services
Farm 51 Group SA,F51,NEWCONNECT,Consumer durables
Fabrity Holding S.A.,FAB,GPW,Commercial services
FEERUM S.A.,FEE,GPW,Producer manufacturing
Femion Technology SA,FEM,NEWCONNECT,Finance
Fast Finance S.A.,FFI,GPW,Commercial services
FARMY FOTOWOLTAIKI POLSKA S.A,FFP,NEWCONNECT,Industrial services
Fundusz Hipoteczny DOM SA,FHD,NEWCONNECT,Finance
FIGENE CAPITAL S.A.,FIG,NEWCONNECT,Commercial services
Fabryka Konstrukcji Drewnianych SA,FKD,NEWCONNECT,Distribution services
Falcon 1 Green World Spolka Akcyjna,FLG,NEWCONNECT,Finance
Wise Energy SA,FMG,GPW,Utilities
FON SE,FON,GPW,Finance
Forever Entertainment SA,FOR,NEWCONNECT,Technology services
Space Fox Games SA Class A,FOX,NEWCONNECT,Technology services
Forposta SA,FPO,NEWCONNECT,Transportation
Forbuild SA Class C,FRB,NEWCONNECT,Industrial services
FREEMIND S.A.,FRM,NEWCONNECT,Technology services
FERRO S.A.,FRO,GPW,Producer manufacturing
Frozen Way S.A.,FRW,NEWCONNECT,Technology services
Fabryki Sprzetu i Narzedzi Gorniczych FASING SA,FSG,GPW,Consumer durables
Fabryki Mebli Forte S.A.,FTE,GPW,Producer manufacturing
Fintech SA,FTH,NEWCONNECT,Finance
FOOTHILLS S.A.,FTL,NEWCONNECT,Communications
Foto Volt Eko Energia SA,FVE,NEWCONNECT,Finance
Galvo SA,GAL,NEWCONNECT,Producer manufacturing
Garin SA,GAR,NEWCONNECT,Consumer durables
Gamedust S.A.,GDC,NEWCONNECT,Technology services
G-DEVS Spolka Akcyjna,GDS,NEWCONNECT,Technology services
GRENEVIA Spolka Akcyjna,GEA,GPW,Producer manufacturing
Genomed S.A.,GEN,NEWCONNECT,Health services
Gamehunters SA,GHT,NEWCONNECT,Technology services
Global Hydrogen Spolka Akcyjna,GHY,NEWCONNECT,Consumer non-durables
Gaming Factory SA,GIF,GPW,Technology services
GI GROUP POLAND S.A.,GIG,GPW,Commercial services
Grupa Kapitalowa IMMOBILE S.A.,GKI,GPW,Industrial services
GKS GieKSa Katowice SA,GKS,NEWCONNECT,Consumer services
Gremi Media SA,GME,NEWCONNECT,Consumer services
Genomtec SA,GMT,GPW,Health technology
Gamivo SA,GMV,NEWCONNECT,Retail trade
Grupa Modne Zakupy S.A.,GMZ,NEWCONNECT,Health technology
G-ENERGY Spolka Akcyjna,GNG,NEWCONNECT,Utilities
Grupa Niewiadow - PGM spolka akcyjna,GNS,NEWCONNECT,Technology services
Gobarto SA,GOB,GPW,Distribution services
Golab SA,GOL,NEWCONNECT,Distribution services
Games Operators SA,GOP,GPW,Technology services
Govena Lighting SA,GOV,NEWCONNECT,Producer manufacturing
Grupa Pracuj spolka akcyjna,GPP,GPW,Commercial services
Gielda Papierow Wartosciowych w Warszawie S.A.,GPW,GPW,Finance
Group Recykl SA,GRC,NEWCONNECT,Process industries
MVA Green Energy S.A.,GRE,NEWCONNECT,Distribution services
Green Lanes SA,GRL,NEWCONNECT,Finance
GREMPCO S.A,GRM,NEWCONNECT,Finance
Grodno SA,GRN,GPW,Distribution services
Green Zebras SA,GRZ,NEWCONNECT,Health technology
Globe Trade Centre S.A.,GTC,GPW,Finance
Go24.pl SA,GTF,NEWCONNECT,Finance
Getin Holding S.A.,GTN,GPW,Finance
Geotrans SA,GTS,NEWCONNECT,Industrial services
genXone Spolka Akcyjna,GX1,NEWCONNECT,Health technology
Przedsiebiorstwo Hydrauliki Silowej HYDROTOR SA,HDR,GPW,Producer manufacturing
Helio SA,HEL,GPW,Consumer non-durables
HyEnergy Spolka Akcyjna,HEN,NEWCONNECT,Commercial services
Highlander Enterprise S.A.,HER,NEWCONNECT,Producer manufacturing
Hemp & Health SA,HMP,NEWCONNECT,Commercial services
Hortico SA,HOR,NEWCONNECT,Distribution services
hiPower Energy spoyka akcyjna,HPE,NEWCONNECT,Retail trade
HIPROMINE S.A.,HPM,NEWCONNECT,Process industries
Hydrapres S.A.,HPS,NEWCONNECT,Producer manufacturing
Grupa HRC Spolka Akcyjna,HRC,NEWCONNECT,Commercial services
Hornigold Reit SA,HRL,NEWCONNECT,Finance
Harper Hygienics S.A.,HRP,GPW,Process industries
Herkules SA,HRS,GPW,Producer manufacturing
Hurtimex S.A.,HRT,NEWCONNECT,Retail trade
Hub.Tech SA,HUB,NEWCONNECT,Process industries
"Huuuge, Inc.",HUG,GPW,Technology services
IBC Polska F&P SA,IBC,NEWCONNECT,Producer manufacturing
WISE FINANCE Spolka Akcyjna,IBS,GPW,Finance
MediNice SA,ICE,GPW,Health technology
ICE CODE GAMES SA,ICG,NEWCONNECT,Technology services
IndygoTech Minerals SA,IDG,GPW,Finance
IDH DEVELOPMENT S.A.,IDH,NEWCONNECT,Technology services
IDM S.A.,IDM,GPW,Finance
INFRA SA,IFA,NEWCONNECT,Technology services
Investment Friends Capital SE,IFC,GPW,Finance
IFIRMA S.A.,IFI,GPW,Technology services
Investment Friends SE,IFR,GPW,Producer manufacturing
Igoria Trade SA,IGT,NEWCONNECT,Technology services
IMC S.A.,IMC,GPW,Process industries
Immersion Games Spolka Akcyjna,IMG,NEWCONNECT,Technology services
IMPERIO Alternatywna Spolka Inwestycyjna Spolka Akcyjna,IMP,GPW,Finance
Intermarum SA,IMR,NEWCONNECT,Technology services
IMS SA,IMS,GPW,Commercial services
INC SA,INC,GPW,Commercial services
ING Bank Slaski S.A.,ING,GPW,Finance
Instal Krakow S.A.,INK,GPW,Industrial services
Introl S.A.,INL,GPW,Industrial services
InventionMed SA,INM,NEWCONNECT,Technology services
INPRO SA,INP,GPW,Consumer durables
Indos SA,INS,NEWCONNECT,Commercial services
Internity S.A.,INT,NEWCONNECT,Distribution services
IPOPEMA Securities S.A.,IPE,GPW,Finance
INTERSPORT Polska S.A.,IPO,GPW,Retail trade
Image Power S.A.,IPW,NEWCONNECT,Technology services
INTER RAO Lietuva AB,IRL,GPW,Utilities
Inside Park SA,ISD,NEWCONNECT,Finance
Interbud-Lublin S.A.,ITB,GPW,Consumer durables
Investeko SA,IVE,NEWCONNECT,Commercial services
Incuvo S.A.,IVO,NEWCONNECT,Technology services
Iron Wolf Studio S.A.,IWS,NEWCONNECT,Technology services
IZOBLOK spolka Akcyjna,IZB,GPW,Process industries
IZOLACJA-JAROCIN SPOLKA AKCYJNA,IZO,GPW,Process industries
Izostal S.A.,IZS,GPW,Non-energy minerals
Jujubee S.A.,JJB,NEWCONNECT,Technology services
JRC Group Spolka Akcyjna,JRC,NEWCONNECT,Consumer durables
JR Holding ASI SA,JRH,GPW,Finance
Jastrzebska Spolka Weglowa S.A.,JSW,GPW,Energy minerals
JWW Invest S.A.,JWW,GPW,Industrial services
Kool2Play SA,K2P,NEWCONNECT,Technology services
KBJ SA,KBJ,NEWCONNECT,Technology services
Klabater S.A.,KBT,NEWCONNECT,Technology services
KRAKCHEMIA S.A.,KCH,GPW,Distribution services
KCI S.A.,KCI,GPW,Producer manufacturing
KDM Shipping Public Ltd.,KDM,GPW,Transportation
Kernel Holding S.A.,KER,GPW,Process industries
KGHM Polska Miedz S.A.,KGH,GPW,Non-energy minerals
KGL SA,KGL,GPW,Process industries
Zespol Elektrocieplowni Wroclawskich KOGENERACJA S.A.,KGN,GPW,Utilities
GRUPA KLEPSYDRA Spolka Akcyjna,KLE,NEWCONNECT,Finance
Kolejkowo SA,KLK,NEWCONNECT,Consumer services
Klon SA,KLN,NEWCONNECT,Non-energy minerals
Kancelaria Medius SA,KME,NEWCONNECT,Commercial services
Kompap S.A.,KMP,GPW,Consumer services
Komputronik S.A.,KOM,GPW,Retail trade
Korbank S.A.,KOR,NEWCONNECT,Communications
Kupiec SA,KPC,NEWCONNECT,Transportation
KPPD SA,KPD,GPW,Producer manufacturing
Kancelaria Prawna - Inkaso WEC S.A.,KPI,NEWCONNECT,Commercial services
Kino Polska TV S.A.,KPL,GPW,Consumer services
Kruk S.A,KRU,GPW,Commercial services
KSG Agro SA,KSG,GPW,Process industries
Grupa Kety SA,KTY,GPW,Non-energy minerals
Kubota SA,KUB,NEWCONNECT,Consumer non-durables
Krynica Vitamin SA,KVT,GPW,Consumer non-durables
Lokaty Budowlane S.A.,LBD,NEWCONNECT,Finance
Libet S.A.,LBT,GPW,Non-energy minerals
Lubawa SA,LBW,GPW,Consumer durables
Labocanna SA,LCN,NEWCONNECT,Commercial services
Legimi SA,LEG,NEWCONNECT,Technology services
Lena Lighting S.A.,LEN,GPW,Producer manufacturing
LESS S.A.,LES,GPW,Producer manufacturing
Letus Capital S.A.,LET,NEWCONNECT,Finance
Logintrade SA Class C,LGT,NEWCONNECT,Commercial services
Lichthund Spolka Akcyjna,LHD,NEWCONNECT,Technology services
Lokum Deweloper SA,LKD,GPW,Consumer durables
Live Motion Games SA,LMG,NEWCONNECT,Technology services
LPP S.A.,LPP,GPW,Retail trade
LARQ S.A.,LRQ,GPW,Commercial services
LSI Software S.A.,LSI,GPW,Technology services
Longterm Games SA,LTM,NEWCONNECT,Technology services
Lentex SA,LTX,GPW,Process industries
LUDUS S.A.,LUD,NEWCONNECT,Finance
LUG S.A.,LUG,NEWCONNECT,Producer manufacturing
Lukardi SA,LUK,NEWCONNECT,Technology services
LUON S.A.,LUO,NEWCONNECT,Producer manufacturing
Lubelski Wegiel BOGDANKA SA,LWB,GPW,Energy minerals
LexBono Spolka Akcyjna,LXB,NEWCONNECT,Commercial services
M4B S.A.,M4B,NEWCONNECT,Producer manufacturing
Mabion SA,MAB,GPW,Health technology
Madkom SA,MAD,NEWCONNECT,Technology services
Makarony Polskie S.A.,MAK,GPW,Consumer non-durables
ManyDev Studio SE,MAN,GPW,Technology services
MAZOP Group Spolka Akcyjna,MAZ,NEWCONNECT,Process industries
MBF Group SA,MBF,NEWCONNECT,Commercial services
mBank SA,MBK,GPW,Finance
Mo-BRUK S.A.,MBR,GPW,Industrial services
Mycodern Spolka Akcyjna,MCD,NEWCONNECT,Producer manufacturing
MCI Capital Alternatywna Spolka Inwestycyjna S.A.,MCI,GPW,Miscellaneous
Mercor SA,MCR,GPW,Producer manufacturing
MedApp SA,MDA,NEWCONNECT,Technology services
Medicofarma Biotech Spolka Akcyjna,MDB,NEWCONNECT,Health technology
Medicalgorithmics SA,MDG,GPW,Health technology
MDI Energia SA,MDI,GPW,Industrial services
MEDCAMP S.A.,MDP,NEWCONNECT,Finance
MedTech Solutions S.A.,MDT,NEWCONNECT,Health technology
MEGARON S.A.,MEG,GPW,Non-energy minerals
Mera S.A.,MER,NEWCONNECT,Non-energy minerals
Mex Polska SA,MEX,GPW,Consumer services
M FOOD S.A.,MFD,NEWCONNECT,Finance
MFO SA,MFO,GPW,Non-energy minerals
Madnetic Games SA,MGS,NEWCONNECT,Technology services
Mangata Holding SA,MGT,GPW,Producer manufacturing
MILITARY GROUP S.A.,MIG,NEWCONNECT,Consumer services
Bank Millennium SA,MIL,GPW,Finance
Miraculum S.A.,MIR,GPW,Retail trade
MakoLab S.A.,MLB,NEWCONNECT,Technology services
MLP Group SA,MLG,GPW,Finance
Milkiland Foods PLC,MLK,GPW,Consumer non-durables
Milisystem S.A.,MLM,NEWCONNECT,Technology services
MILKPOL S.A.,MLP,NEWCONNECT,Process industries
ML System SA,MLS,GPW,Electronic technology
Moonlit S.A.,MLT,NEWCONNECT,Technology services
MM Conferences SA,MMC,NEWCONNECT,Commercial services
Madmind Studio SA,MMS,NEWCONNECT,Technology services
Mennica Polska S.A.,MNC,GPW,Producer manufacturing
MINERAL MIDRANGE S.A.,MND,NEWCONNECT,Technology services
Mennica Skarbowa SA,MNS,NEWCONNECT,Retail trade
Moliera2 Spolka Akcyjna,MO2,NEWCONNECT,Commercial services
Molecure SA,MOC,GPW,Health technology
MOJ S.A.,MOJ,GPW,Producer manufacturing
MONNARI TRADE S.A.,MON,GPW,Retail trade
Movie Games SA,MOV,GPW,Technology services
MegaPixel Studio S.A.,MPS,NEWCONNECT,Technology services
mPay SA,MPY,NEWCONNECT,Commercial services
Mirbud S.A.,MRB,GPW,Industrial services
Mercator Medical SA,MRC,GPW,Distribution services
MEDARD Spolka Akcyjna,MRD,NEWCONNECT,Commercial services
MERLIN GROUP Spolka Akcyjna,MRG,NEWCONNECT,Commercial services
Mr Hamburger SA,MRH,NEWCONNECT,Consumer services
Marka SA,MRK,NEWCONNECT,Finance
Massmedica S.A.,MSM,NEWCONNECT,Distribution services
Mostostal Plock S.A.,MSP,GPW,Industrial services
Mostostal Warszawa S.A.,MSW,GPW,Industrial services
Mostostal Zabrze SA,MSZ,GPW,Industrial services
MINUTOR Energia SA,MTE,NEWCONNECT,Commercial services
MILTON ESSEX S.A.,MTN,NEWCONNECT,Health technology
Munar SA,MUN,NEWCONNECT,Technology services
Murapol S.A.,MUR,GPW,Finance
Marvipol Development SA,MVP,GPW,Consumer durables
M.W. Trade Spolke Akcyjna,MWT,GPW,Finance
MaxCom SA,MXC,GPW,Electronic technology
MaxiPizza S.A.,MXP,NEWCONNECT,Consumer services
Muza SA,MZA,GPW,Consumer services
Noctiluca Spolka Akcyjna,NCL,GPW,Process industries
NEUCA S.A.,NEU,GPW,Distribution services
NanoGroup SA,NNG,GPW,Health technology
Noobz from Poland S.A.,NOB,NEWCONNECT,Technology services
Novina Spolka Akcyjna,NOV,NEWCONNECT,Finance
Neurone Studio SA,NRS,NEWCONNECT,Technology services
Nestmedic SA,NST,NEWCONNECT,Technology services
New Tech Capital SA,NTC,GPW,Commercial services
Notoria Serwis S.A.,NTS,NEWCONNECT,Finance
NTT System S.A.,NTT,GPW,Electronic technology
New Tech Venture S.A.,NTV,NEWCONNECT,Finance
P.A. NOVA Spolka Akcyjna,NVA,GPW,Industrial services
Novavis Group S.A.,NVG,GPW,Industrial services
NOVITA S.A.,NVT,GPW,Process industries
NWAI Dom Maklerski S.A.,NWA,NEWCONNECT,Finance
Newag SA,NWG,GPW,Producer manufacturing
Nexity Global SA,NXG,GPW,Finance
ONE2TRIBE S.A.,O2T,NEWCONNECT,Technology services
Orzel Bialy S.A.,OBL,GPW,Non-energy minerals
ODLEWNIE POLSKIE S.A.,ODL,GPW,Producer manufacturing
OLYMP Spolka Akcyjna,OLY,NEWCONNECT,Consumer durables
One More Level SA,OML,NEWCONNECT,Technology services
ONICO S.A.,ONC,NEWCONNECT,Distribution services
ONDE SA,OND,GPW,Industrial services
One Solution S.A.,ONE,NEWCONNECT,Commercial services
onesano S.A.,ONO,GPW,Process industries
CPI FIM S.A.,OPG,GPW,Finance
Optigis S.A.,OPI,NEWCONNECT,Technology services
Orange Polska S.A.,OPL,GPW,Communications
OPTeam S.A.,OPM,GPW,Technology services
Oponeo.pl S.A.,OPN,GPW,Retail trade
Organic Farma Zdrowia S.A.,ORG,NEWCONNECT,Retail trade
ORZEL S.A,ORL,NEWCONNECT,Consumer durables
Zaklady Przemyslu Cukierniczego Otmuchow S.A.,OTM,GPW,Consumer non-durables
OT Logistics S.A.,OTS,GPW,Transportation
Outdoorzy S.A.,OUT,NEWCONNECT,Retail trade
Ovid Works SA Class A,OVI,NEWCONNECT,Technology services
Oxygen S.A.,OXY,NEWCONNECT,Technology services
OZE Capital S.A.,OZE,NEWCONNECT,Producer manufacturing
Present24 Spolka Akcyjna,P24,NEWCONNECT,Retail trade
Planet B2B SA,P2B,NEWCONNECT,Technology services
Play2Chill Spolka Akcyjna,P2C,NEWCONNECT,Technology services
Proacta S.A.,PAC,NEWCONNECT,Technology services
Passus SA,PAS,GPW,Technology services
Patentus SA,PAT,GPW,Producer manufacturing
PBS Finanse S.A.,PBF,GPW,Consumer non-durables
PBG S.A.,PBG,GPW,Industrial services
PrimeBit Games SA,PBT,NEWCONNECT,Technology services
Poznanska Korporacja Budowlana Pekabex SA,PBX,GPW,Industrial services
Grupa Azoty Zaklady Chemiczne Police S.A.,PCE,GPW,Process industries
PCF Group SA,PCF,GPW,Technology services
Pepco Group BV,PCO,GPW,Retail trade
PCC Rokita Spolka Akcyjna,PCR,GPW,Process industries
PCC Exol SA,PCX,GPW,Consumer non-durables
Pyramid Games Spolka Akcyjna,PDG,NEWCONNECT,Technology services
Photon Energy NV,PEN,GPW,Utilities
Bank Polska Kasa Opieki S.A.,PEO,GPW,Finance
Polenergia S.A.,PEP,GPW,Utilities
Prefa Group Spolka Akcyjna,PFG,NEWCONNECT,Distribution services
PGE Polska Grupa Energetyczna S.A.,PGE,GPW,Utilities
Proguns Group S.A,PGG,NEWCONNECT,Technology services
PMPG Polskie Media S.A.,PGM,GPW,Commercial services
PGF Polska Grupa Fotowoltaiczna SA,PGV,GPW,Finance
Polski Holding Nieruchomosci SA,PHN,GPW,Finance
Pharmena S.A.,PHR,GPW,Consumer non-durables
Polaris IT Group S.A.,PIT,NEWCONNECT,Commercial services
Second Chamber Spolka Akcyjna,PIX,NEWCONNECT,Commercial services
PJP Makrum SA,PJP,GPW,Industrial services
ORLEN Spolka Akcyjna,PKN,GPW,Energy minerals
PKO Bank Polski SA,PKO,GPW,Finance
PKP CARGO Spolka Akcyjna,PKP,GPW,Transportation
PL Group Spolka Akcyjna,PLG,NEWCONNECT,Retail trade
Platige Image SA,PLI,NEWCONNECT,Consumer services
Polman SA,PLM,NEWCONNECT,Commercial services
Plot Twist S.A,PLT,NEWCONNECT,Technology services
PlayWay Spolka Akcyjna,PLW,GPW,Technology services
Prima Moda S.A.,PMA,GPW,Retail trade
Pamapol S.A.,PMP,GPW,Consumer non-durables
Pointpack SA,PNT,NEWCONNECT,Technology services
Punch Punk SA,PPG,NEWCONNECT,Technology services
PEPEES Spolka Akcyjna,PPS,GPW,Consumer non-durables
Prime Alternatywna Spolka Inwestycyjna Spolka Akcyjna,PRA,NEWCONNECT,Finance
President Studio S.A.,PRE,NEWCONNECT,Technology services
Polish Development Holding S.A.,PRH,NEWCONNECT,Technology services
NPL Nova S.A.,PRI,GPW,Commercial services
Prochem S.A.,PRM,GPW,Industrial services
Partner-Nieruchomosci SA,PRN,NEWCONNECT,Finance
APN Promise SA,PRO,NEWCONNECT,Technology services
Prymus SA,PRS,NEWCONNECT,Distribution services
Protektor S.A.,PRT,GPW,Consumer non-durables
Polyslash SA,PSH,NEWCONNECT,Technology services
Parcel Technik SA,PTE,NEWCONNECT,Transportation
PolTREG Spolka Akcyjna,PTG,GPW,Health services
Poltronic S.A.,PTN,NEWCONNECT,Electronic technology
Polskie Towarzystwo Wspierania Przedsiebiorczosci SA Class C,PTW,GPW,Consumer services
Pure Biologics SA,PUR,GPW,Health technology
Polwax SA,PWX,GPW,Energy minerals
Polimex - Mostostal SA,PXM,GPW,Industrial services
Powszechny Zaklad Ubezpieczen Spolka Akcyjna,PZU,GPW,Finance
QNA Technology SA,QNA,GPW,Health technology
Quantum software S.A.,QNT,GPW,Technology services
QuarticOn SA,QON,NEWCONNECT,Technology services
Quercus Towarzystwo Funduszy Inwestycyjnych S.A.,QRS,GPW,Miscellaneous
Quart Development SA,QRT,NEWCONNECT,Finance
QubicGames SA,QUB,NEWCONNECT,Technology services
Raen S.A.,RAE,GPW,Technology services
Fabryka Obrabiarek RAFAMET SA,RAF,GPW,Producer manufacturing
Robinson Europe SA,RBS,NEWCONNECT,Producer manufacturing
Rainbow Tours S.A.,RBW,GPW,Consumer services
Rocca S.A.,RCA,NEWCONNECT,Non-energy minerals
Red Carpet Media Group SA,RCM,NEWCONNECT,Consumer services
Ruch Chorzow SA,RCW,NEWCONNECT,Consumer services
Read-Gene SA,RDG,NEWCONNECT,Health technology
Redan SA,RDN,GPW,Distribution services
Regnon S.A.,REG,GPW,Distribution services
Robs Group Logistic SA,RGL,NEWCONNECT,Producer manufacturing
Reinhold Europe AB Class B,RHD,GPW,Finance
Relpol S.A.,RLP,GPW,Electronic technology
Remak-Energomontaz Spolka Akcyjna,RMK,GPW,Industrial services
REINO CAPITAL S.A.,RNC,GPW,Finance
Render Cube S.A,RND,GPW,Technology services
Rank Progress S.A.,RNK,GPW,Finance
Private Rented Sector S.A.,RNT,NEWCONNECT,Health technology
Zaklady Magnezytowe Ropczyce S.A.,RPC,GPW,Process industries
RRH Group S.A.,RRH,NEWCONNECT,Commercial services
Red Square Games Spolka Akcyjna,RSG,NEWCONNECT,Technology services
REMOR SOLAR POLSKA SA,RSP,NEWCONNECT,Consumer non-durables
Road Studio S.A.,RST,NEWCONNECT,Technology services
Ryvu Therapeutics SA,RVU,GPW,Health technology
Rawlplug Spolka Akcyjna,RWL,GPW,Producer manufacturing
S4E S.A.,S4E,NEWCONNECT,Electronic technology
SoftBlue SA,SBE,NEWCONNECT,Technology services
Scope Fluidics SA,SCP,GPW,Health technology
Stem Cells Spin SA,SCS,NEWCONNECT,Health technology
Scanway Spolka Akcyjna,SCW,NEWCONNECT,Electronic technology
SDS Optic Spolka Akcyjna,SDS,NEWCONNECT,Electronic technology
SEDIVIO S.A.,SED,NEWCONNECT,Technology services
SEKO S.A.,SEK,GPW,Consumer non-durables
Selena FM S.A.,SEL,GPW,Process industries
Serinus Energy plc,SEN,GPW,Energy minerals
Sevenet S.A.,SEV,NEWCONNECT,Electronic technology
SFD SA,SFD,NEWCONNECT,Retail trade
Skoczowska Fabryka Kapeluszy Polkap SA,SFK,NEWCONNECT,Consumer non-durables
Sfinks Polska S.A.,SFS,GPW,Consumer services
Sygnity SA,SGN,GPW,Technology services
Soho Development SA,SHD,GPW,Miscellaneous
STARHEDGE S.A.,SHG,GPW,Industrial services
Shoper Spolka Akcyjna,SHO,GPW,Technology services
Sheepyard Spolka Akcyjna,SHY,NEWCONNECT,Technology services
SimFabric SA,SIM,GPW,Technology services
Solar Innovation Spolka Akcyjna,SIN,NEWCONNECT,Distribution services
Fabryka Farb i Lakierow Sniezka S.A.,SKA,GPW,Process industries
Skarbiec Holding S.A.,SKH,GPW,Finance
Skyline Investment S.A.,SKL,GPW,Finance
SAKANA S.A.,SKN,NEWCONNECT,Consumer services
Saule Technologies Spolka Akcyjna,SLT,NEWCONNECT,Electronic technology
Selvita SA,SLV,GPW,Health technology
Simteract SA,SMT,NEWCONNECT,Technology services
SYNERGA.fund SA,SNG,NEWCONNECT,Health technology
Sanok Rubber Company SA,SNK,GPW,Producer manufacturing
Sunway Network Spolka Akcyjna,SNN,NEWCONNECT,Technology services
Synektik SA,SNT,GPW,Health technology
Sanwil Holding S.A.,SNW,GPW,Consumer non-durables
Sunex SA,SNX,GPW,Producer manufacturing
Sonka S.A.,SOK,NEWCONNECT,Technology services
Sonel S.A.,SON,GPW,Electronic technology
Santander Bank Polska SA,SPL,GPW,Finance
SpyroSoft SA,SPR,GPW,Technology services
Starward Industries SA,STA,NEWCONNECT,Technology services
Standrew SA,STD,NEWCONNECT,Non-energy minerals
Stalprofil S.A.,STF,GPW,Distribution services
Stilo Energy S.A.,STI,NEWCONNECT,Distribution services
Stalprodukt S.A.,STP,GPW,Non-energy minerals
Satis GROUP Spolka Akcyjna,STS,GPW,Technology services
Stalexport Autostrady S.A.,STX,GPW,Industrial services
Suntech S.A.,SUN,NEWCONNECT,Technology services
SYNTHAVERSE Spolka Akcyjna,SVE,GPW,Health technology
"Silvair, Inc.",SVRS,GPW,Technology services
SECO/WARWICK S.A.,SWG,GPW,Producer manufacturing
Software Mansion SA Series A-E,SWM,NEWCONNECT,Technology services
Sygnis S.A.,SYG,NEWCONNECT,Consumer durables
SZAR S.A.,SZR,NEWCONNECT,Non-energy minerals
Tarczynski SA Class F,TAR,GPW,Distribution services
T-Bull SA,TBL,GPW,Technology services
Tech Robotics S.A.,TCR,NEWCONNECT,Technology services
Ten Square Games SA,TEN,GPW,Technology services
Triggo SA,TGG,NEWCONNECT,Consumer durables
True Games Syndicate SA,TGS,NEWCONNECT,Distribution services
Dust SA,THD,NEWCONNECT,Technology services
TenderHut SA,THG,GPW,Technology services
Przedsiebiorstwo Telekomunikacyjne Telgam S.A.,TLG,NEWCONNECT,Communications
Telesto SA,TLO,NEWCONNECT,Producer manufacturing
Telestrada S.A.,TLS,NEWCONNECT,Communications
Talex S.A.,TLX,GPW,Technology services
Termoexpert SA,TME,NEWCONNECT,Commercial services
Telemedycyna Polska S.A.,TMP,NEWCONNECT,Health services
T&T Proenergy Spolka Akcyjna,TNT,NEWCONNECT,Commercial services
TOYA S.A.,TOA,GPW,Consumer durables
TORPOL S.A.,TOR,GPW,Industrial services
TAMEX Obiekty Sportowe S.A.,TOS,NEWCONNECT,Industrial services
Tower Investments SA,TOW,GPW,Finance
TAURON Polska Energia S.A.,TPE,GPW,Utilities
Triton Development S.A.,TRI,GPW,Finance
Trakcja SA,TRK,GPW,Industrial services
TransPolonia S.A.,TRN,GPW,Transportation
Termo-Rex SA,TRR,GPW,Producer manufacturing
TREX Spolka Akcyjna,TRX,NEWCONNECT,Commercial services
TESGAS S.A.,TSG,GPW,Industrial services
Tax-Net SA,TXN,NEWCONNECT,Commercial services
Text S.A.,TXT,GPW,Technology services
Unified Factory SA,UFC,NEWCONNECT,Technology services
UF Games S.A,UFG,NEWCONNECT,Technology services
Ultimate Games SA,ULG,GPW,Technology services
ULMA Construccion Polska S.A.,ULM,GPW,Distribution services
Unfold.vc ASI Spolka Akcyjna,UNF,GPW,Finance
UNIBEP S.A.,UNI,GPW,Consumer durables
UNIMOT SA,UNT,GPW,Utilities
Universe S.A.,UNV,NEWCONNECT,Producer manufacturing
Urteste S.A.,URT,GPW,Health technology
Varsav Game Studios SA,VAR,NEWCONNECT,Technology services
ViDiS SA,VDS,NEWCONNECT,Distribution services
Vee SA,VEE,NEWCONNECT,Commercial services
MPL Verbum S.A.,VER,NEWCONNECT,Commercial services
VRFABRIC SA,VFA,NEWCONNECT,Technology services
VINCI GEN S.A.,VGN,NEWCONNECT,Finance
VIGO Photonics Spolka Akcyjna,VGO,GPW,Electronic technology
GPM Vindexus S.A.,VIN,GPW,Commercial services
Euroinvestment SA,VIV,NEWCONNECT,Health services
Vakomtek SA,VKT,NEWCONNECT,Electronic technology
VOOLT Spolka Akcyjna,VLT,NEWCONNECT,Electronic technology
V-MAX Spolka Akcyjna,VMX,NEWCONNECT,Producer manufacturing
Votum S.A.,VOT,GPW,Finance
Voxel S.A.,VOX,GPW,Health services
Verbicom SA,VRB,NEWCONNECT,Technology services
Vercom SA,VRC,GPW,Technology services
VR Factory Games S.A.,VRF,NEWCONNECT,Technology services
VRG S.A.,VRG,GPW,Consumer non-durables
Vistal Gdynia SA,VTL,GPW,Non-energy minerals
Vivid Games SA,VVD,GPW,Technology services
WASKO S.A.,WAS,GPW,Commercial services
W.G Partners SA,WGP,NEWCONNECT,Distribution services
Werth-Holz SA,WHH,NEWCONNECT,Non-energy minerals
WIKANA S.A.,WIK,GPW,Finance
Wildlands Interactive S.A.,WLI,NEWCONNECT,Technology services
Wielton S.A.,WLT,GPW,Producer manufacturing
Wodkan S.A.,WOD,NEWCONNECT,Utilities
Wirtualna Polska Holding SA,WPL,GPW,Commercial services
Woodpecker.co Spolka Akcyjna,WPR,GPW,Technology services
West Real Estate SA,WRE,NEWCONNECT,Finance
Wierzyciel S.A.,WRL,NEWCONNECT,Finance
Wittchen SA,WTN,GPW,Consumer non-durables
Wawel S.A.,WWL,GPW,Consumer non-durables
XBS PRO-LOG SA,XBS,NEWCONNECT,Commercial services
Mentzen Spolka Akcyjna,XDD,NEWCONNECT,Consumer services
XPLUS S.A.,XPL,GPW,Technology services
XTB Spolka Akcyjna,XTB,GPW,Finance
XTPL SA,XTP,GPW,Electronic technology
Neptis SA,YAN,GPW,Electronic technology
Yellow Boson S.A.,YBS,NEWCONNECT,Commercial services
BluGo S.A.,YOL,GPW,Commercial services
Yoshi Innovation Spolka Akcyjna,YOS,NEWCONNECT,Technology services
Yarrl S.A.,YRL,GPW,Technology services
YetiForce SA,YTF,NEWCONNECT,Technology services
Zabka Group,ZAB,GPW,Retail trade
Grupa Azoty Zaklady Azotowe Pulawy SA,ZAP,GPW,Process industries
Zeneris Projekty S.A.,ZEN,NEWCONNECT,Finance
ZE PAK SA,ZEP,GPW,Utilities
Zamet SA,ZMT,GPW,Producer manufacturing
ZREMB CHOJNICE S.A.,ZRE,GPW,Producer manufacturing
Zortrax SA,ZRX,NEWCONNECT,Health technology
ZUE S.A.,ZUE,GPW,Industrial services
Zaklady Urzadzen Kotlowych Staporkow S.A.,ZUK,GPW,Producer manufacturing
